Workbook

Sheet A7.0.DM Biểu mẫu
B2: Dự án: | C2: XÂY DỰNG HỆ THỐNG ĐÁNH GIÁ HIỆU QUẢ CÔNG VIỆC
B3: Yêu cầu: | C3: CÔNG TY CỔ PHẦN CẤP NƯỚC ĐÀ NẴNG
B4: Tư vấn: | C4: BrainMark Vietnam
B5: BIỂU MẪU_A7.BRAINKPI
B6: XÂY DỰNG HỆ THỐNG ĐÁNH GIÁ HIỆU QUẢ CÔNG VIỆC
B8: STT | C8: MÃ SỐ BIỂU MẪU | D8: TÊN BIỂU MẪU
B9: 1 | C9: A7.1 | D9: Mục tiêu Công ty
B10: 2 | C10: A7.2 | D10: Mục tiêu Tổng hợp toàn Công ty
B11: 3 | C11: A7.3 | D11: Mục tiêu Phòng (Năm)
B12: 4 | C12: A7.4 | D12: Mục tiêu Phòng (Quý)
B13: 5 | C13: A7.5 | D13: Mục tiêu Phòng (Tháng)
B14: 6 | C14: A7.6 | D14: Mục tiêu Nhân viên (Năm)
B15: 7 | C15: A7.7 | D15: Mục tiêu Nhân viên (Quý)
B16: 8 | C16: A7.8 | D16: KPI Công ty Năm
B17: 9 | C17: A7.9 | D17: KPI Phòng Năm
B18: 10 | C18: A7.10 | D18: Ngân hàng KPI cá nhân
B19: 11 | C19: A7.11 | D19: KPI Cá nhân Năm
B20: 12 | C20: A7.12 | D20: KPI Quản lý (Trưởng phòng) Năm
... B26: 18 | C26: A7.18 | D26: Tổng hợp KPI Phòng Năm

Sheet A7.1.Muc tieu Công ty
B2: Dự án: | C2: XÂY DỰNG HỆ THỐNG ĐÁNH GIÁ HIỆU QUẢ CÔNG VIỆC
B3: Yêu cầu: | C3: CÔNG TY CỔ PHẦN CẤP NƯỚC ĐÀ NẴNG
B4: Tư vấn: | C4: BrainMark Vietnam
B6: A7.1 | C6: MỤC TIÊU CÔNG TY - NĂM 2025
B9: Stt | C9: MỤC TIÊU CÔNG TY | D9: TRỌNG SỐ (%)
C10: VẬN HÀNH (B) | D10: 0.4
B11: 1 | C11: Sản lượng nước sản xuất đạt 122.030.057 m³, tăng 3% so với thực hiện năm trước | D11: 0.15
B12: 2 | C12: Sản lượng nước tiêu thụ đạt 106.776.300 m³, tăng 3% so với năm trước | D12: 0.3
B13: 3 | C13: Tỷ lệ thất thoát nước không vượt quá 11,33% | D13: 0.3
B14: 4 | C14: Số lượng thay thế đồng hồ đạt 23.824 chiếc/năm | D14: 0.15
B15: 5 | C15: Tỷ lệ khu vực được kiểm soát áp lực nước/tổng khu vực cấp nước đạt 100% | D15: 0.1
C16: TÀI CHÍNH (F) | D16: 0.35
B17: 1 | C17: Doanh thu ngành nước đạt 733,530 tỷ, tăng 15% so với năm trước | D17: 0.15
B18: 2 | C18: Doanh thu ngành xây lắp đạt 3 tỷ | D18: 0.1
B19: 3 | C19: Chỉ tiêu đơn giá nước bình quân đạt 7.020 đồng/m³ | D19: 0.3
B20: 4 | C20: Lợi nhuận trước thuế đạt 161,667 tỷ, tăng 44% so với năm trước | D20: 0.15
B21: 5 | C21: Tỷ lệ công nợ ngành nước/Doanh thu ngành nước không quá 1,4% | D21: 0.1
B22: 6 | C22: Chi phí vận hành (gồm chi phí hoá chất, điện năng)/m³ nước không vượt quá 574 đồng/m³ | D22: 0.2
C23: KHÁCH HÀNG (C) | D23: 0.1
B24: 1 | C24: Số lượng đồng hồ khách hàng đặt mới đạt 7.420 chiếc | D24: 0.2
B25: 2 | C25: Đảm bảo mức độ hài lòng khách hàng được khảo sát đạt ≥ 80% | D25: 0.15
B26: 3 | C26: Thời gian xử lý đơn khiếu nại của KH (có báo cáo bằng văn bản) trung bình không quá 05 ngày làm việc kể từ ngày tiếp nhận đơn | D26: 0.15
B27: 4 | C27: Tỷ lệ phản ánh về chất lượng dịch vụ giảm 5% so với tổng phản ánh năm trước | D27: 0.15
B28: 5 | C28: Đảm bảo ≥ 2% khách hàng/tổng số khách hàng được thiết lập hồ sơ quản lý (tính scan hợp đồng để tạo mã dữ liệu KH) | D28: 0.2
B29: 6 | C29: Tỷ lệ người dùng đăng ký Zalo OA của Công ty đạt ≥ 86% | D29: 0.15
C30: PHÁT TRIỂN ĐỔI MỚI | D30: 0.15
B31: 1 | C31: Hoàn thành xây dựng và vận hành hệ thống BSC-KPI trước ngày 31/12/2025 | D31: 0.4
B32: 2 | C32: Đảm bảo có ít nhất 01 sáng kiến cải tiến cấp Công ty | D32: 0.2
B33: 3 | C33: Tổ chức 03 khóa đào tạo | D33: 0.2
B34: 4 | C34: Có ít nhất 01 đề tài/dự án phát triển KHCN được ứng dụng | D34: 0.2
C35: TOTAL | D35: =D30+D23+D16+D10 -> 1
B37: Người lập (Prepared by) Phê duyệt (Approved by)
B44: Ngày (Date) ....../....../...... Ngày (Date) ....../....../.....

Sheet A7.2.Mục tiêu tổng hợp
F1: nguyên tắc: không có mục tiêu nào còn lại ở cấp công ty.
B2: Dự án: | C2: XÂY DỰNG HỆ THỐNG ĐÁNH GIÁ HIỆU QUẢ CÔNG VIỆC | F2: (*) Anh Chị vui lòng rà soát lại các mục tiêu được Công ty giao và bổ sung các chỉ tiêu X và trọng số của từng mục tiêu tại sheet A7.3. Mỗi phương diện Vận hành - Tài chính- Khách hàng - Phát triển có từ 3 - 5 mục tiêu, các đơn vị chưa được phân bổ đủ 3 - 5 mục tiêu vui lòng đặt thêm mục tiêu dựa trên chức năng nhiệm vụ quan trọng của đơn vị (tham khảo thêm file mục tiêu tham khảo BrainMark gửi) để đủ số lượng mục tiêu và vui lòng tô màu các ô mục tiêu Phòng Ban bổ sung để tiện rà soát.
B3: Yêu cầu: | C3: CÔNG TY CỔ PHẦN CẤP NƯỚC ĐÀ NẴNG
B4: Tư vấn: | C4: BrainMark Vietnam
B6: A7.2 | C6: MỤC TIÊU TOÀN CÔNG TY - NĂM 2025
B9: Stt | C9: MỤC TIÊU CÔNG TY | D9: TRỌNG SỐ (%) | E9: XÍ NGHIỆP CẤP NƯỚC KV I (Hải Châu - Thanh Khê) | F9: TRỌNG SỐ (%) | G9: XÍ NGHIỆP CẤP NƯỚC KV II (Cẩm Lệ) | H9: TRỌNG SỐ (%) | I9: XÍ NGHIỆP CẤP NƯỚC KV III (Sơn Trà - Ngũ Hành Sơn) | J9: TRỌNG SỐ (%) | K9: XÍ NGHIỆP CẤP NƯỚC KV IV (Liên Chiểu) | L9: TRỌNG SỐ (%) | M9: XÍ NGHIỆP XÂY LẮP | N9: TRỌNG SỐ (%) | O9: TT QUẢN LÝ VẬN HÀNH | P9: TRỌNG SỐ (%) | Q9: BAN KẾ HOẠCH | R9: TRỌNG SỐ (%) | S9: BAN KỸ THUẬT | T9: TRỌNG SỐ (%) | U9: BAN HCNS | V9: TRỌNG SỐ (%) | W9: BAN TCKT | X9: TRỌNG SỐ (%) | Y9: TRUNG TÂM CNTT | Z9: TRỌNG SỐ (%)
C10: VẬN HÀNH (B) | D10: 0.4 | F10: 0.4
B11: 1 | C11: Sản lượng nước sản xuất đạt 122.030.057 m³, tăng 3% so với thực hiện năm trước | D11: 0.15 | E11: Chiều dài đường ống cải tạo di dời (quý 4) đạt X km | F11: 0.15 | G11: Sản lượng nước sản xuất đạt X m³, tăng 3% so với thực hiện năm trước | I11: Sản lượng nước sản xuất đạt X m³, tăng 3% so với thực hiện năm trước | K11: Sản lượng nước sản xuất đạt X m³, tăng 3% so với thực hiện năm trước | M11: x | O11: Sản lượng nước sản xuất đạt X m³, tăng 3% so với thực hiện năm trước | Q11: Sản lượng nước sản xuất đạt 122.030.057 m³, tăng 3% so với thực hiện năm trước | S11: x | U11: x | W11: x | Y11: x
B12: 2 | C12: Sản lượng nước tiêu thụ đạt 106.776.300 m³, tăng 3% so với năm trước | D12: 0.3 | E12: Sản lượng nước tiêu thụ đạt X m³, tăng 3% so với năm trước | F12: 0.35 | G12: Sản lượng nước tiêu thụ đạt X m³, tăng 3% so với năm trước | I12: Sản lượng nước tiêu thụ đạt X m³, tăng 3% so với năm trước | K12: Sản lượng nước tiêu thụ đạt X m³, tăng 3% so với năm trước | Q12: Sản lượng nước tiêu thụ đạt 106.776.300 m³, tăng 3% so với năm trước
B13: 3 | C13: Tỷ lệ thất thoát nước không vượt quá 11,33% | D13: 0.3 | E13: Tỷ lệ thất thoát nước không vượt quá X % | F13: 0.25 | G13: Tỷ lệ thất thoát nước không vượt quá X % | I13: Tỷ lệ thất thoát nước không vượt quá X % | K13: Tỷ lệ thất thoát nước không vượt quá X % | M13: Tỷ lệ thất thoát nước không vượt quá 11,33% | O13: Tỷ lệ thất thoát nước không vượt quá X % | Q13: Tỷ lệ thất thoát nước không vượt quá 11,33% | S13: Tỷ lệ thất thoát nước không vượt quá 11,33%
B14: 4 | C14: Số lượng thay thế đồng hồ đạt 23.824 chiếc/năm | D14: 0.15 | E14: Số lượng thay thế đồng hồ đạt X chiếc/năm | F14: 0.15 | G14: Số lượng thay thế đồng hồ đạt X chiếc/năm | I14: Số lượng thay thế đồng hồ đạt X chiếc/năm | K14: Số lượng thay thế đồng hồ đạt X chiếc/năm | Q14: Số lượng thay thế đồng hồ đạt 23.824 chiếc/năm | W14: x
B15: 5 | C15: Tỷ lệ khu vực được kiểm soát áp lực nước/tổng khu vực cấp nước đạt 100% | D15: 0.1 | E15: Tỷ lệ khu vực được kiểm soát áp lực nước/tổng khu vực cấp nước đạt 100% | F15: 0.1 | G15: Tỷ lệ khu vực được kiểm soát áp lực nước/tổng khu vực cấp nước đạt 100% | I15: Tỷ lệ khu vực được kiểm soát áp lực nước/tổng khu vực cấp nước đạt 100% | K15: Tỷ lệ khu vực được kiểm soát áp lực nước/tổng khu vực cấp nước đạt 100% | O15: Tỷ lệ khu vực được kiểm soát áp lực nước/tổng khu vực cấp nước đạt 100% | S15: Tỷ lệ khu vực được kiểm soát áp lực nước/tổng khu vực cấp nước đạt 100%
C16: TÀI CHÍNH (F) | D16: 0.35
B17: 1 | C17: Doanh thu ngành nước đạt 733,530 tỷ, tăng 15% so với năm trước | D17: 0.15 | E17: Doanh thu ngành nước đạt X tỷ, tăng 15% so với năm trước | G17: Doanh thu ngành nước đạt X tỷ, tăng 15% so với năm trước | I17: Doanh thu ngành nước đạt X tỷ, tăng 15% so với năm trước | K17: Doanh thu ngành nước đạt X tỷ, tăng 15% so với năm trước | W17: Doanh thu ngành nước đạt 733,530 tỷ, tăng 15% so với năm trước
B18: 2 | C18: Doanh thu ngành xây lắp đạt 3 tỷ | D18: 0.1 | E18: Doanh thu ngành xây lắp đạt X tỷ | G18: Doanh thu ngành xây lắp đạt X tỷ | I18: Doanh thu ngành xây lắp đạt X tỷ | K18: Doanh thu ngành xây lắp đạt X tỷ | M18: Doanh thu ngành xây lắp đạt X tỷ | W18: Doanh thu ngành xây lắp đạt 3 tỷ
B19: 3 | C19: Chỉ tiêu đơn giá nước bình quân đạt 7.020 đồng/m³ | D19: 0.3 | E19: Chỉ tiêu đơn giá nước bình quân đạt X đồng/m³ | G19: Chỉ tiêu đơn giá nước bình quân đạt X đồng/m³ | I19: Chỉ tiêu đơn giá nước bình quân đạt X đồng/m³ | K19: Chỉ tiêu đơn giá nước bình quân đạt X đồng/m³ | W19: Chỉ tiêu đơn giá nước bình quân đạt 7.020 đồng/m³
B20: 4 | C20: Lợi nhuận trước thuế đạt 161,667 tỷ, tăng 44% so với năm trước | D20: 0.15 | W20: Lợi nhuận trước thuế đạt 161,667 tỷ, tăng 44% so với năm trước
B21: 5 | C21: Tỷ lệ công nợ ngành nước/Doanh thu ngành nước không quá 1,4% | D21: 0.1 | E21: Tỷ lệ công nợ ngành nước/Doanh thu ngành nước không quá X% | G21: Tỷ lệ công nợ ngành nước/Doanh thu ngành nước không quá X% | I21: Tỷ lệ công nợ ngành nước/Doanh thu ngành nước không quá X% | K21: Tỷ lệ công nợ ngành nước/Doanh thu ngành nước không quá X% | W21: Tỷ lệ công nợ ngành nước/Doanh thu ngành nước không quá 1,4%
B22: 6 | C22: Chi phí vận hành (gồm chi phí hoá chất, điện năng)/m³ nước không vượt quá 574 đồng/m³ | D22: 0.2 | G22: Chi phí vận hành (gồm chi phí hoá chất, điện năng)/m³ nước không vượt quá X đồng/m³ | I22: Chi phí vận hành (gồm chi phí hoá chất, điện năng)/m³ nước không vượt quá X đồng/m³ | K22: Chi phí vận hành (gồm chi phí hoá chất, điện năng)/m³ nước không vượt quá X đồng/m³ | O22: Chi phí vận hành (gồm chi phí hoá chất, điện năng)/m³ nước không vượt quá X đồng/m³ | W22: Chi phí vận hành (gồm chi phí hoá chất, điện năng)/m³ nước không vượt quá 574 đồng/m³
C23: KHÁCH HÀNG (C) | D23: 0.1
B24: 1 | C24: Số lượng đồng hồ khách hàng đặt mới đạt 7.420 chiếc | D24: 0.2 | E24: Số lượng đồng hồ khách hàng đặt mới đạt X chiếc | G24: Số lượng đồng hồ khách hàng đặt mới đạt X chiếc | I24: Số lượng đồng hồ khách hàng đặt mới đạt X chiếc | K24: Số lượng đồng hồ khách hàng đặt mới đạt X chiếc
B25: 2 | C25: Đảm bảo mức độ hài lòng khách hàng được khảo sát đạt ≥ 80% | D25: 0.15 | E25: Đảm bảo mức độ hài lòng khách hàng được khảo sát đạt ≥ 80% | G25: Đảm bảo mức độ hài lòng khách hàng được khảo sát đạt ≥ 80% | I25: Đảm bảo mức độ hài lòng khách hàng được khảo sát đạt ≥ 80% | K25: Đảm bảo mức độ hài lòng khách hàng được khảo sát đạt ≥ 80% | U25: Đảm bảo mức độ hài lòng khách hàng được khảo sát đạt ≥ 80%
B26: 3 | C26: Thời gian xử lý đơn khiếu nại của KH (có báo cáo bằng văn bản) trung bình không quá 05 ngày làm việc kể từ ngày tiếp nhận đơn | D26: 0.15 | E26: Thời gian xử lý đơn khiếu nại của KH (có báo cáo bằng văn bản) do XN tự xử lý trung bình không quá 03 ngày làm việc kể từ ngày tiếp nhận đơn | G26: Thời gian xử lý đơn khiếu nại của KH (có báo cáo bằng văn bản) do XN tự xử lý trung bình không quá 03 ngày làm việc kể từ ngày tiếp nhận đơn | I26: Thời gian xử lý đơn khiếu nại của KH (có báo cáo bằng văn bản) do XN tự xử lý trung bình không quá 03 ngày làm việc kể từ ngày tiếp nhận đơn | K26: Thời gian xử lý đơn khiếu nại của KH (có báo cáo bằng văn bản) do XN tự xử lý trung bình không quá 03 ngày làm việc kể từ ngày tiếp nhận đơn | O26: Thời gian xử lý đơn khiếu nại của KH (có báo cáo bằng văn bản) trung bình không quá 05 ngày làm việc kể từ ngày tiếp nhận đơn | Q26: Thời gian xử lý đơn khiếu nại của KH (có báo cáo bằng văn bản) trung bình không quá 05 ngày làm việc kể từ ngày tiếp nhận đơn | S26: Thời gian xử lý đơn khiếu nại của KH (có báo cáo bằng văn bản) trung bình không quá 05 ngày làm việc kể từ ngày tiếp nhận đơn | U26: Thời gian xử lý đơn khiếu nại của KH (có báo cáo bằng văn bản) trung bình không quá 05 ngày làm việc kể từ ngày tiếp nhận đơn | W26: Thời gian xử lý đơn khiếu nại của KH (có báo cáo bằng văn bản) trung bình không quá 05 ngày làm việc kể từ ngày tiếp nhận đơn | Y26: Thời gian xử lý đơn khiếu nại của KH (có báo cáo bằng văn bản) trung bình không quá 05 ngày làm việc kể từ ngày tiếp nhận đơn
B27: 4 | C27: Tỷ lệ phản ánh về chất lượng dịch vụ giảm 5% so với tổng phản ánh năm trước | D27: 0.15 | E27: Tỷ lệ phản ánh về chất lượng dịch vụ giảm 5% so với tổng phản ánh năm trước | G27: Tỷ lệ phản ánh về chất lượng dịch vụ giảm 5% so với tổng phản ánh năm trước | I27: Tỷ lệ phản ánh về chất lượng dịch vụ giảm 5% so với tổng phản ánh năm trước | K27: Tỷ lệ phản ánh về chất lượng dịch vụ giảm 5% so với tổng phản ánh năm trước | O27: Tỷ lệ phản ánh về chất lượng dịch vụ giảm 5% so với tổng phản ánh năm trước | S27: Tỷ lệ phản ánh về chất lượng dịch vụ giảm 5% so với tổng phản ánh năm trước | U27: Tỷ lệ phản ánh về chất lượng dịch vụ giảm 5% so với tổng phản ánh năm trước
B28: 5 | C28: Đảm bảo ≥ 2% khách hàng/tổng số khách hàng được thiết lập hồ sơ quản lý (tính scan hợp đồng để tạo mã dữ liệu KH) | D28: 0.2 | E28: Đảm bảo ≥ 2% khách hàng/tổng số khách hàng được thiết lập hồ sơ quản lý (tính scan hợp đồng để tạo mã dữ liệu KH) | G28: Đảm bảo ≥ 2% khách hàng/tổng số khách hàng được thiết lập hồ sơ quản lý (tính scan hợp đồng để tạo mã dữ liệu KH) | I28: Đảm bảo ≥ 2% khách hàng/tổng số khách hàng được thiết lập hồ sơ quản lý (tính scan hợp đồng để tạo mã dữ liệu KH) | K28: Đảm bảo ≥ 2% khách hàng/tổng số khách hàng được thiết lập hồ sơ quản lý (tính scan hợp đồng để tạo mã dữ liệu KH) | Y28: x
B29: 6 | C29: Tỷ lệ người dùng đăng ký Zalo OA của Công ty đạt ≥ 86% | D29: 0.15 | E29: Tỷ lệ người dùng đăng ký Zalo OA của Xí nghiệp đạt 2% KH còn lại (chưa đk đến thời điểm 30/9) | G29: Tỷ lệ người dùng đăng ký Zalo OA của Xí nghiệp đạt 2% KH còn lại (chưa đk đến thời điểm 30/9) | I29: Tỷ lệ người dùng đăng ký Zalo OA của Xí nghiệp đạt 2% KH còn lại (chưa đk đến thời điểm 30/9) | K29: Tỷ lệ người dùng đăng ký Zalo OA của Xí nghiệp đạt 2% KH còn lại (chưa đk đến thời điểm 30/9) | Y29: Tỷ lệ người dùng đăng ký Zalo OA của Công ty đạt ≥ 86%
C30: PHÁT TRIỂN ĐỔI MỚI | D30: 0.15 | F30: 0.2
B31: 1 | C31: Hoàn thành xây dựng và vận hành hệ thống BSC-KPI trước ngày 31/12/2025 | D31: 0.4 | E31: Hoàn thành xây dựng hệ thống BSC-KPI trước ngày 30/11/2025 | F31: 0.4 | G31: Hoàn thành xây dựng hệ thống BSC-KPI trước ngày 30/11/2025 | I31: Hoàn thành xây dựng hệ thống BSC-KPI trước ngày 30/11/2025 | K31: Hoàn thành xây dựng hệ thống BSC-KPI trước ngày 30/11/2025 | M31: Hoàn thành xây dựng hệ thống BSC-KPI trước ngày 30/11/2025 | O31: Hoàn thành xây dựng hệ thống BSC-KPI trước ngày 30/11/2025 | Q31: Hoàn thành xây dựng hệ thống BSC-KPI trước ngày 30/11/2025 | S31: Hoàn thành xây dựng hệ thống BSC-KPI trước ngày 30/11/2025 | U31: Hoàn thành xây dựng hệ thống BSC-KPI trước ngày 30/11/2025 | W31: Hoàn thành xây dựng hệ thống BSC-KPI trước ngày 30/11/2025 | Y31: Hoàn thành xây dựng hệ thống BSC-KPI trước ngày 30/11/2025
B32: 2 | C32: Đảm bảo có ít nhất 01 sáng kiến cải tiến cấp Công ty | D32: 0.2 | E32: xxx | F32: 0.3 | S32: Đảm bảo có ít nhất 01 sáng kiến cải tiến cấp Công ty
B33: 3 | C33: Tổ chức 03 khóa đào tạo | D33: 0.2 | E33: 100% CBNV (thuộc đối tượng đào tạo) của xí nghiệp tham gia khoá đào tạo do Công ty tổ chức | F33: 0.3 | U33: Tổ chức 03 khóa đào tạo
B34: 4 | C34: Có ít nhất 01 đề tài/dự án phát triển KHCN được ứng dụng | D34: 0.2 | Y34: Có ít nhất 01 đề tài/dự án phát triển KHCN được ứng dụng
C35: TOTAL | D35: =D30+D23+D16+D10 -> 1 | F35: =F30+F23+F16+F10 -> 0.6 | H35: =H30+H23+H16+H10 -> 0 | J35: =J30+J23+J16+J10 -> 0 | L35: =L30+L23+L16+L10 -> 0 | N35: =N30+N23+N16+N10 -> 0 | P35: =P30+P23+P16+P10 -> 0 | R35: =R30+R23+R16+R10 -> 0 | T35: =T30+T23+T16+T10 -> 0 | V35: =V30+V23+V16+V10 -> 0 | X35: =X30+X23+X16+X10 -> 0 | Z35: =Z30+Z23+Z16+Z10 -> 0
B37: Người lập (Prepared by) Xem xét (Checked by) Phê duyệt (Approved by)
B44: Ngày (Date) ....../....../...... Ngày (Date) ....../....../..... Ngày (Date) ....../....../.....

Sheet A7.2.Mục tiêu tổng hợp (SL)
B2: Dự án: | C2: XÂY DỰNG HỆ THỐNG ĐÁNH GIÁ HIỆU QUẢ CÔNG VIỆC
B3: Yêu cầu: | C3: CÔNG TY CỔ PHẦN CẤP NƯỚC ĐÀ NẴNG
B4: Tư vấn: | C4: BrainMark Vietnam
B6: A7.2 | C6: MỤC TIÊU TOÀN CÔNG TY - NĂM 202… | R6: nguyên tắc: không có mục tiêu nào còn lại ở cấp công ty.
E8: 1 | G8: 2 | I8: 3 | K8: 4 | M8: 5 | O8: 6 | Q8: 7 | S8: 8 | U8: 9 | W8: 10 | Y8: 11
B9: Stt | C9: MỤC TIÊU CÔNG TY | D9: TRỌNG SỐ (%) | E9: XÍ NGHIỆP CẤP NƯỚC KV I (Hải Châu - Thanh Khê) | F9: TRỌNG SỐ (%) | G9: XÍ NGHIỆP CẤP NƯỚC KV II (Cẩm Lệ) | H9: TRỌNG SỐ (%) | I9: XÍ NGHIỆP CẤP NƯỚC KV III (Sơn Trà - Ngũ Hành Sơn) | J9: TRỌNG SỐ (%) | K9: XÍ NGHIỆP CẤP NƯỚC KV IV (Liên Chiểu) | L9: TRỌNG SỐ (%) | M9: XÍ NGHIỆP XÂY LẮP | N9: TRỌNG SỐ (%) | O9: TT QUẢN LÝ VẬN HÀNH | P9: TRỌNG SỐ (%) | Q9: BAN KẾ HOẠCH | R9: TRỌNG SỐ (%) | S9: BAN KỸ THUẬT | T9: TRỌNG SỐ (%) | U9: BAN HCNS | V9: TRỌNG SỐ (%) | W9: BAN TCKT | X9: TRỌNG SỐ (%) | Y9: TRUNG TÂM CNTT | Z9: TRỌNG SỐ (%)
C10: VẬN HÀNH (B) | D10: 0.4
B11: 1 | C11: Sản lượng nước sản xuất đạt 122.030.057 m³, tăng 3% so với thực hiện năm trước | D11: 0.15 | G11: 894816 | I11: 1000000 | K11: 913294 | O11: 92658479
B12: 2 | C12: Sản lượng nước tiêu thụ đạt 106.776.300 m³, tăng 3% so với năm trước | D12: 0.3
B13: 3 | C13: Tỷ lệ thất thoát nước không vượt quá 11,33% | D13: 0.3
B14: 4 | C14: Số lượng thay thế đồng hồ đạt 23.824 chiếc/năm | D14: 0.15
B15: 5 | C15: Tỷ lệ khu vực được kiểm soát áp lực nước/tổng khu vực cấp nước đạt 100% | D15: 0.1
C16: TÀI CHÍNH (F) | D16: 0.35
B17: 1 | C17: Doanh thu ngành nước đạt 733,530 tỷ, tăng 15% so với năm trước | D17: 0.15
B18: 2 | C18: Doanh thu ngành xây lắp đạt 3 tỷ | D18: 0.1
B19: 3 | C19: Chỉ tiêu đơn giá nước bình quân đạt 7.020 đồng/m³ | D19: 0.3
B20: 4 | C20: Lợi nhuận trước thuế đạt 161,667 tỷ, tăng 44% so với năm trước | D20: 0.15
B21: 5 | C21: Tỷ lệ công nợ ngành nước/Doanh thu ngành nước không quá 1,4% | D21: 0.1
B22: 6 | C22: Chi phí vận hành (gồm chi phí hoá chất, điện năng)/m³ nước không vượt quá 574 đồng/m³ | D22: 0.2
C23: KHÁCH HÀNG (C) | D23: 0.1
B24: 1 | C24: Số lượng đồng hồ khách hàng đặt mới đạt 7.420 chiếc | D24: 0.2
B25: 2 | C25: Đảm bảo mức độ hài lòng khách hàng được khảo sát đạt ≥ 80% | D25: 0.15
B26: 3 | C26: Thời gian xử lý đơn khiếu nại của KH (có báo cáo bằng văn bản) trung bình không quá 05 ngày làm việc kể từ ngày tiếp nhận đơn | D26: 0.15
B27: 4 | C27: Tỷ lệ phản ánh về chất lượng dịch vụ giảm 5% so với tổng phản ánh năm trước | D27: 0.15
B28: 5 | C28: Đảm bảo ≥ 2% khách hàng/tổng số khách hàng được thiết lập hồ sơ quản lý | D28: 0.2
B29: 6 | C29: Tỷ lệ người dùng đăng ký Zalo OA của Công ty đạt ≥ 86% | D29: 0.15
C30: PHÁT TRIỂN ĐỔI MỚI | D30: 0.15
B31: 1 | C31: Hoàn thành xây dựng và vận hành hệ thống BSC-KPI trước ngày 31/12/2025 | D31: 0.4
B32: 2 | C32: Đảm bảo có ít nhất 01 sáng kiến cải tiến cấp Công ty | D32: 0.2
B33: 3 | C33: Tổ chức 03 khóa đào tạo | D33: 0.2
B34: 4 | C34: Có ít nhất 01 đề tài/dự án phát triển KHCN được ứng dụng | D34: 0.2
C35: TOTAL | D35: =D30+D23+D16+D10 -> 1 | F35: =F30+F23+F16+F10 -> 0 | H35: =H30+H23+H16+H10 -> 0 | J35: =J30+J23+J16+J10 -> 0 | L35: =L30+L23+L16+L10 -> 0 | N35: =N30+N23+N16+N10 -> 0 | P35: =P30+P23+P16+P10 -> 0 | R35: =R30+R23+R16+R10 -> 0 | T35: =T30+T23+T16+T10 -> 0 | V35: =V30+V23+V16+V10 -> 0 | X35: =X30+X23+X16+X10 -> 0 | Z35: =Z30+Z23+Z16+Z10 -> 0
B37: Người lập (Prepared by) Xem xét (Checked by) Phê duyệt (Approved by)
B44: Ngày (Date) ....../....../...... Ngày (Date) ....../....../..... Ngày (Date) ....../....../.....

Sheet A7.3.Mục tiêu Phòng Năm
B2: Dự án: | C2: XÂY DỰNG HỆ THỐNG ĐÁNH GIÁ HIỆU QUẢ CÔNG VIỆC
B3: Yêu cầu: | C3: CÔNG TY CỔ PHẦN CẤP NƯỚC ĐÀ NẴNG
B4: Tư vấn: | C4: BrainMark Vietnam
B6: A7.3 | C6: MỤC TIÊU BAN KẾ HOẠCH- NĂM 2025
B9: Stt | C9: MỤC TIÊU CÔNG TY | D9: TRỌNG SỐ (%) | E9: BAN HCNS | F9: TRỌNG SỐ (%)
C10: VẬN HÀNH (B) | D10: 0.4 | F10: 0.4
B11: 1 | C11: Sản lượng nước sản xuất đạt 122.030.057 m³, tăng 3% so với thực hiện năm trước | D11: 0.15 | E11: Hoàn thành 95% công việc theo Ban Tổng giám đốc giao trong cuộc họp giao ban | F11: 0.2
B12: 2 | C12: Sản lượng nước tiêu thụ đạt 106.776.300 m³, tăng 3% so với năm trước | D12: 0.3 | E12: Tỷ lệ văn bản, hồ sơ xử lý đúng hạn sau khi tiếp nhận văn bản ≥ 95% /tổng số lượng văn bản văn phòng điện tử tiếp nhận | F12: 0.2
B13: 3 | C13: Tỷ lệ thất thoát nước không vượt quá 11,33% | D13: 0.3 | E13: Đảm bảo 100%công văn đi đến được xử lý đúng hạn (tại giai đoạn theo chức năng Ban HCNS) | F13: 0.2
B14: 4 | C14: Số lượng thay thế đồng hồ đạt 23.824 chiếc/năm | D14: 0.15 | E14: Đảm bảo tuân thủ 100% chế độ chính sách quy định Luật Lao động (HĐLĐ, Chế độ nghỉ hưu, nghỉ trước tuổi, nâng lương,…) | F14: 0.15
B15: 5 | C15: Tỷ lệ khu vực được kiểm soát áp lực nước/tổng khu vực cấp nước đạt 100% | D15: 0.1 | E15: Đảm bảo trình phê duyệt kế hoạch lao động tiền lương và quyết toán tiền lương năm trước 20/03 hàng năm | F15: 0.25
C17: TÀI CHÍNH (F) | D17: 0.35 | F17: 0.3
B18: 1 | C18: Doanh thu ngành nước đạt 733,530 tỷ, tăng 15% so với năm trước | D18: 0.15 | E18: Chi phí Văn phòng phẩm (bộ phận văn phòng công ty) giảm 5% so với năm 2024 | F18: 0.4
B19: 2 | C19: Doanh thu ngành xây lắp đạt 3 tỷ | D19: 0.1 | E19: Kinh phí Đào tạo không vượt quá kế hoạch được duyệt trong năm | F19: 0.4
B20: 3 | C20: Chỉ tiêu đơn giá nước bình quân đạt 7.020 đồng/m³ | D20: 0.3 | E20: Tiết kiệm chi phí hành chính thường xuyên (văn phòng phẩm, điện nước) ≥ 5% so với năm 2024 | F20: 0.2
B21: 4 | C21: Lợi nhuận trước thuế đạt 161,667 tỷ, tăng 44% so với năm trước | D21: 0.15
B22: 5 | C22: Số dư công nợ ngành nước/Doanh thu ngành nước không quá 1,7% | D22: 0.1
B23: 6 | C23: Chi phí vận hành (gồm chi phí hoá chất, điện năng)/m³ nước không vượt quá 580 đồng/m³ | D23: 0.2
C24: KHÁCH HÀNG (C) | D24: 0.1 | F24: 0.15
B25: 1 | C25: Số lượng đồng hồ khách hàng đặt mới đạt 7.420 chiếc | D25: 0.2 | E25: Không có phàn nàn của khách hàng về thái độ tiếp xúc, chăm sóc khách hàng của Bộ phận Call Center | F25: 0.25
B26: 2 | C26: Đảm bảo mức độ hài lòng khách hàng được khảo sát đạt ≥ 80% | D26: 0.15 | E26: Đảm bảo hoàn thành khảo sát mức độ hài lòng của khách hàng (theo chủ trương của HĐQT) | F26: 0.15
B27: 3 | C27: Thời gian xử lý đơn khiếu nại của KH (có báo cáo bằng văn bản) trung bình không quá 05 ngày làm việc kể từ ngày tiếp nhận đơn | D27: 0.15 | E27: Thời gian xử lý đơn khiếu nại của KH (có báo cáo bằng văn bản) trung bình không quá 05 ngày làm việc kể từ ngày tiếp nhận đơn | F27: 0.2
B28: 4 | C28: Tỷ lệ phản ánh về chất lượng dịch vụ giảm 5% so với tổng phản ánh năm trước | D28: 0.15 | E28: Tỷ lệ phản ánh về chất lượng dịch vụ giảm 5% so với tổng phản ánh năm trước | F28: 0.15
B29: 5 | C29: Đảm bảo ≥ 2% khách hàng/tổng số khách hàng được thiết lập hồ sơ quản lý (tính scan hợp đồng để tạo mã dữ liệu KH) | D29: 0.2 | E29: Đảm bảo 40% hồ sơ (hồ sơ nhân sự ) được số hoá | F29: 0.25
B30: 6 | C30: Tỷ lệ người dùng đăng ký Zalo OA của Công ty đạt ≥ 86% | D30: 0.15
C31: PHÁT TRIỂN | D31: 0.15 | F31: 0.15
B32: 1 | C32: Hoàn thành xây dựng và vận hành hệ thống BSC-KPI trước ngày 31/12/2025 | D32: 0.4 | E32: Hoàn thành xây dựng và vận hành hệ thống BSC-KPI trước ngày 31/12/2025 | F32: 0.4
B33: 2 | C33: Đảm bảo có ít nhất 01 sáng kiến cải tiến cấp Công ty | D33: 0.2 | E33: Hoàn thành việc xây dựng lại đơn giá tiền lương và hệ số lương của Biên đọc (nhằm nâng cao NSLĐ) trình HĐ lương trước 31/12/2025 | F33: 0.15
B34: 3 | C34: Tổ chức 03 khóa đào tạo | D34: 0.2 | E34: Tổ chức 03 khóa đào tạo | F34: 0.2
B35: 4 | C35: Có ít nhất 01 đề tài/dự án phát triển KHCN được ứng dụng | D35: 0.2 | E35: Hoàn thành xây dựng 50 tình huống xử lý cho Chatbot AI Dawaco | F35: 0.25
C37: TOTAL | D37: =SUM(D10+D17+D24+D31) -> 1 | F37: =SUM(F10+F17+F24+F31) -> 1
B39: Người lập (Prepared by) Xem xét (Checked by) Phê duyệt (Approved by)
B46: Ngày (Date) ....../....../...... Ngày (Date) ....../....../..... Ngày (Date) ....../....../.....

Sheet Mục tiêu c Chi phân bổ
B2: Dự án: | C2: XÂY DỰNG HỆ THỐNG ĐÁNH GIÁ HIỆU QUẢ CÔNG VIỆC
B3: Yêu cầu: | C3: CÔNG TY CỔ PHẦN CẤP NƯỚC ĐÀ NẴNG
B4: Tư vấn: | C4: BrainMark Vietnam
B6: A7.9 | C6: KPI BAN HCNS - NĂM 2026
N7: Q1 | O7: Q2 | P7: Q3 | Q7: Q4
B9: STT | C9: Mục tiêu | D9: Trọng số (%) | E9: Tiêu chí đánh giá | F9: Phương pháp đo | G9: Thời điểm ghi nhận | H9: Nguồn chứng minh | I9: ĐVT | J9: Kế hoạch (KH) | K9: Thực hiện (TH) | L9: Hoàn thành | M9: Kết quả KPI | N9: Mục tiêu
C10: VẬN HÀNH (B) | D10: 0.4 | M10: 0 | N10: VẬN HÀNH (B)
B11: 1 | C11: Hoàn thành 95% các công việc theo phiếu giao việc, thông báo họp giao ban và thông báo khác của Ban Tổng giám đốc giao | D11: 0.2 | E11: Tỷ lệ hoàn thành các công việc theo Ban TGĐ giao (trong cuộc họp giao ban) thực tế | F11: TH ≥ KH, KPI = 100% TH < KH, KPI = 0 | G11: 46387 | H11: Ban Kế hoạch chủ trì, phối hợp với Ban TCKT, Ban HCNS, Ban Kỹ thuật,… | I11: % | J11: 0.95 | L11: =IF(LEN(K11)=0,"",IF(K11>=J11,100%,0%)) | M11: =IFERROR(L11*D11,"") | N11: Hoàn thành 95% các công việc theo phiếu giao việc, thông báo họp giao ban và thông báo khác của Ban Tổng giám đốc giao | O11: Hoàn thành 95% các công việc theo phiếu giao việc, thông báo họp giao ban và thông báo khác của Ban Tổng giám đốc giao | P11: Hoàn thành 95% các công việc theo phiếu giao việc, thông báo họp giao ban và thông báo khác của Ban Tổng giám đốc giao | Q11: Hoàn thành 95% các công việc theo phiếu giao việc, thông báo họp giao ban và thông báo khác của Ban Tổng giám đốc giao
B12: 2 | C12: Tỷ lệ văn bản, hồ sơ xử lý đúng hạn sau khi tiếp nhận văn bản ≥ 90%/tổng số lượng văn bản văn phòng điện tử tiếp nhận | D12: 0.2 | E12: Tỷ lệ văn bản, hồ sơ xử lý đúng hạn sau khi tiếp nhận văn bản/tổng số lượng văn bản văn phòng điện tử tiếp nhận thực tế | F12: TH < 80%: KPI= 0 TH ≥ 80%: TH/KH*100% Max KPI = 120% | G12: 46387 | H12: Ban HCNS báo cáo, Ban kế hoạch xác nhận | I12: % | J12: 0.9 | L12: =IF(LEN(K12)=0,"",IF(K12<80%,0,MIN(120%,K12/J12*100%))) | M12: =IFERROR(L12*D12,"") | N12: Tỷ lệ văn bản, hồ sơ xử lý đúng hạn sau khi tiếp nhận văn bản ≥ 90%/tổng số lượng văn bản văn phòng điện tử tiếp nhận | O12: Tỷ lệ văn bản, hồ sơ xử lý đúng hạn sau khi tiếp nhận văn bản ≥ 90%/tổng số lượng văn bản văn phòng điện tử tiếp nhận | P12: Tỷ lệ văn bản, hồ sơ xử lý đúng hạn sau khi tiếp nhận văn bản ≥ 90%/tổng số lượng văn bản văn phòng điện tử tiếp nhận | Q12: Tỷ lệ văn bản, hồ sơ xử lý đúng hạn sau khi tiếp nhận văn bản ≥ 90%/tổng số lượng văn bản văn phòng điện tử tiếp nhận
B13: 3 | C13: Đảm bảo 100% công văn đi đến được xử lý đúng hạn (tại giai đoạn theo chức năng Ban HCNS) | D13: 0.2 | E13: Số lần công văn đi đến xử lý trễ hạn (tại giai đoạn theo chức năng Ban HCNS) thực tế | F13: TH = 0, KPI = 100% TH ≥ 1, KPI = 0% | G13: 46387 | H13: Báo cáo của Ban HCNS | I13: Lần | J13: 0 | L13: =IF(LEN(K13)=0,"",IF(K13=J13,1,0)) | M13: =IFERROR(L13*D13,"") | N13: Đảm bảo 100% công văn đi đến được xử lý đúng hạn (tại giai đoạn theo chức năng Ban HCNS) | O13: Đảm bảo 100% công văn đi đến được xử lý đúng hạn (tại giai đoạn theo chức năng Ban HCNS) | P13: Đảm bảo 100% công văn đi đến được xử lý đúng hạn (tại giai đoạn theo chức năng Ban HCNS) | Q13: Đảm bảo 100% công văn đi đến được xử lý đúng hạn (tại giai đoạn theo chức năng Ban HCNS)
B14: 4 | C14: Đảm bảo tuân thủ 100% chế độ chính sách quy định Luật Lao động (HĐLĐ, Chế độ nghỉ hưu, nghỉ trước tuổi, nâng lương,…) | D14: 0.15 | E14: Số lần vi phạm thực hiện chế độ chính sách quy định Luật Lao động (HĐLĐ, Chế độ nghỉ hưu, nghỉ trước tuổi, nâng lương,…) | F14: TH = 0, KPI = 100% TH ≥ 1, KPI = 0% | G14: 46387 | H14: Báo cáo của Ban HCNS, Ban TCKT xác nhận | I14: Lần | J14: 0 | L14: =IF(LEN(K14)=0,"",IF(K14=J14,1,0)) | M14: =IFERROR(L14*D14,"") | N14: Đảm bảo tuân thủ 100% chế độ chính sách quy định Luật Lao động (HĐLĐ, Chế độ nghỉ hưu, nghỉ trước tuổi, nâng lương,…) | O14: Đảm bảo tuân thủ 100% chế độ chính sách quy định Luật Lao động (HĐLĐ, Chế độ nghỉ hưu, nghỉ trước tuổi, nâng lương,…) | P14: Đảm bảo tuân thủ 100% chế độ chính sách quy định Luật Lao động (HĐLĐ, Chế độ nghỉ hưu, nghỉ trước tuổi, nâng lương,…) | Q14: Đảm bảo tuân thủ 100% chế độ chính sách quy định Luật Lao động (HĐLĐ, Chế độ nghỉ hưu, nghỉ trước tuổi, nâng lương,…)
B15: 5 | C15: Đảm bảo trình HĐQT phê duyệt kế hoạch lao động tiền lương và quyết toán tiền lương năm trước trước 31/3/2026 | D15: 0.25 | E15: Thời gian thực tế trình phê duyệt kế hoạch lao động tiền lương và quyết toán tiền lương năm trước | F15: TH ≤ KH, KPI = 100% TH > KH, KPI = 0% | G15: 46112 | H15: Báo cáo của Ban HCNS, Ban TCKT xác nhận | I15: Ngày | J15: 46112 | L15: =IF(LEN(K15)=0,"",IF(K15<=J15,1,0)) | M15: =IFERROR(L15*D15,"") | N15: Đảm bảo trình HĐQT phê duyệt kế hoạch lao động tiền lương và quyết toán tiền lương năm trước trước 31/3/2026
C16: TÀI CHÍNH (F) | D16: 0.25 | M16: 0 | N16: TÀI CHÍNH (F)
B17: 1 | C17: Chi phí Văn phòng phẩm (bộ phận văn phòng công ty) giảm 2% so với năm trước | D17: 0.4 | E17: Tỷ lệ chi phí VVP (bộ phận VP Công ty) giảm so với năm 2025 thực tế | F17: TH ≥ KH: KPI = TH/KH*100% TH < KH: KPI = 0% Max KPI = 120% | G17: 46387 | H17: Ban TCKT xác nhận | I17: % | J17: 0.02 | L17: =IF(LEN(K17)=0,"",MAX(0%,IF(K17<J17,0,(MIN(120%,K17/J17*100%))))) | M17: =IFERROR(L17*D17,"") | N17: Chi phí Văn phòng phẩm (bộ phận văn phòng công ty) giảm 2% so với quý 1 năm trước | O17: Chi phí Văn phòng phẩm (bộ phận văn phòng công ty) giảm 2% so với quý 2 năm trước | P17: Chi phí Văn phòng phẩm (bộ phận văn phòng công ty) giảm 2% so với quý 3 năm trước | Q17: Chi phí Văn phòng phẩm (bộ phận văn phòng công ty) giảm 2% so với quý năm trước
B18: 2 | C18: Kinh phí Đào tạo không vượt quá kế hoạch được duyệt trong năm | D18: 0.4 | E18: Tỷ lệ kinh phí đào tạo so với kế hoạch đào tạo được duyệt trong năm thực tế | F18: TH <= KH: KPI = 100% TH > KH: KPI =0% | G18: 46387 | H18: Báo cáo của Ban HCNS, Ban TCKT xác nhận | I18: % | J18: 1 | L18: =IF(LEN(K18)=0,"",IF(K18<=J18,1,0)) | M18: =IFERROR(L18*D18,"") | O18: Kinh phí Đào tạo không vượt quá kế hoạch được duyệt trong năm | P18: Kinh phí Đào tạo không vượt quá kế hoạch được duyệt trong năm
B19: 3 | C19: Tiết kiệm điện năng tiêu hao trong năm (VPCT) ≥ 5% so với năm trước | D19: 0.2 | E19: Tỷ lệ tiết kiệm chi phí hành chính thường xuyên (VVP, điện nước) so với năm 2025 thực tế | F19: TH ≥ KH: KPI = TH/KH*100% 0<TH < KH: KPI = TH/KH*100% Max KPI = 120% | G19: 46387 | H19: Báo cáo của Ban HCNS, Ban TCKT xác nhận | I19: % | J19: 0.05 | L19: =IF(LEN(K19)=0,"",MAX(0%,IF(K19<J19,K19/J19*100%,(MIN(120%,K19/J19*100%))))) | M19: =IFERROR(L19*D19,"") | N19: Sản lượng tiêu thụ điện Q1 không cao hơn Q1 năm trước | O19: Sản lượng tiêu thụ điện Q2 không cao hơn Q2 năm trước | P19: Sản lượng tiêu thụ điện Q3 không cao hơn Q13năm trước | Q19: Sản lượng tiêu thụ điện Q4 không cao hơn Q4 năm trước
C20: KHÁCH HÀNG (C) | D20: 0.15 | M20: 0 | N20: KHÁCH HÀNG (C)
B21: 1 | C21: Không quá 4 lần phàn nàn của khách hàng về thái độ tiếp xúc, chăm sóc khách hàng của Bộ phận Call Center | D21: 0.25 | E21: Số lần phàn nàn của khách hàng về thái độ tiếp xúc, chăm sóc khách hàng của Bộ phận Call Center | F21: TH ≤ KH: KPI = 100% TH > KH: KPI = 0% | G21: 46387 | H21: Ban HCNS xác nhận | I21: Lần | J21: 4 | L21: =IF(LEN(K21)=0,"",IF(K21<=J21,1,0)) | M21: =IFERROR(L21*D21,"") | N21: Không quá 1 lần phàn nàn của khách hàng về thái độ tiếp xúc, chăm sóc khách hàng của Bộ phận Call Center | O21: Không quá 1 lần phàn nàn của khách hàng về thái độ tiếp xúc, chăm sóc khách hàng của Bộ phận Call Center | P21: Không quá 1 lần phàn nàn của khách hàng về thái độ tiếp xúc, chăm sóc khách hàng của Bộ phận Call Center | Q21: Không quá 1 lần phàn nàn của khách hàng về thái độ tiếp xúc, chăm sóc khách hàng của Bộ phận Call Center
B22: 2 | C22: Đảm bảo hoàn thành khảo sát mức độ hài lòng của khách hàng (theo chủ trương của HĐQT) | D22: 0.15 | E22: Số lần chậm trễ hoàn thành khoả sát mức độ hài lòng của khách hàng (theo chủ trương của HĐQT) thực tế | F22: TH = 0, KPI = 100% TH ≥ 1, KPI = 0% | G22: 46112 | H22: TTCNTT xác nhận | I22: Ngày | J22: 46112 | L22: =IF(LEN(K22)=0,"",IF(K22=J22,1,0)) | M22: =IFERROR(L22*D22,"") | O22: Đảm bảo hoàn thành khảo sát mức độ hài lòng của khách hàng (theo chủ trương của HĐQT) | P22: Đảm bảo hoàn thành khảo sát mức độ hài lòng của khách hàng (theo chủ trương của HĐQT)
B23: 3 | C23: Thời gian xử lý đơn khiếu nại của KH (có báo cáo bằng văn bản) trung bình không quá 05 ngày làm việc kể từ ngày tiếp nhận đơn | D23: 0.2 | E23: Trung bình thời gian xử lý đơn khiếu nại của KH (có báo cáo bằng văn bản) kể từ ngày tiếp nhận đơn | F23: TH ≤ KH: KPI = KH/TH*100% TH > KH: KPI = 0% Max KPI = 120% | G23: 46387 | H23: HCNS báo cáo, các XN liên quan xác nhận | I23: Ngày | J23: 5 | L23: =IF(LEN(K23)=0,"",IF(K23>J23,0,MIN(120%,J23/K23*100%))) | M23: =IFERROR(L23*D23,"") | N23: Thời gian xử lý đơn khiếu nại của KH (có báo cáo bằng văn bản) trung bình không quá 05 ngày làm việc kể từ ngày tiếp nhận đơn | O23: Thời gian xử lý đơn khiếu nại của KH (có báo cáo bằng văn bản) trung bình không quá 05 ngày làm việc kể từ ngày tiếp nhận đơn | P23: Thời gian xử lý đơn khiếu nại của KH (có báo cáo bằng văn bản) trung bình không quá 05 ngày làm việc kể từ ngày tiếp nhận đơn | Q23: Thời gian xử lý đơn khiếu nại của KH (có báo cáo bằng văn bản) trung bình không quá 05 ngày làm việc kể từ ngày tiếp nhận đơn
B24: 4 | C24: Tỷ lệ phản ánh về chất lượng dịch vụ giảm 5% so với tổng phản ánh năm trước | D24: 0.15 | E24: Tỷ lệ giảm phản ánh về chất lượng dịch vụ so với tổng số phản ánh năm trước | F24: TH ≥ 80%KH: KPI = TH/KH*100% TH < 80%KH: KPI = 0% Max KPI = 120% | G24: 46387 | H24: HCNS báo cáo, các XN liên quan xác nhận | I24: % | J24: 0.05 | L24: =IF(LEN(K24)=0,"",IF(K24<J24*80%,0,MIN(120%,K24/J24*100%))) | M24: =IFERROR(L24*D24,"") | N24: Tỷ lệ phản ánh về chất lượng dịch vụ giảm 5% so với tổng phản ánh quý 1 năm trước | O24: Tỷ lệ phản ánh về chất lượng dịch vụ giảm 5% so với tổng phản ánh quý 1 năm trước | P24: Tỷ lệ phản ánh về chất lượng dịch vụ giảm 5% so với tổng phản ánh quý 1 năm trước | Q24: Tỷ lệ phản ánh về chất lượng dịch vụ giảm 5% so với tổng phản ánh quý 1 năm trước
B25: 5 | C25: Đảm bảo 80% hồ sơ (hồ sơ nhân sự) được số hoá trước 31/12/2026 | D25: 0.25 | E25: Tỷ lệ hồ sơ (hồ sơ nhân sự) được số hoá thực tế | F25: TH < KH: KPI = 0% TH ≥ KH: KPI = TH/KH*100% | G25: 46387 | H25: TT CNTT xác nhận | I25: % | J25: 0.8 | L25: =IF(LEN(K25)=0,"",IF(K25<J25,0,MIN(120%,K25/J25*100%))) | M25: =IFERROR(L25*D25,"") | N25: Đảm bảo 20% hồ sơ (hồ sơ nhân sự) được số hoá trước 31/03/2026 | O25: Đảm bảo 20% hồ sơ (hồ sơ nhân sự) được số hoá trước 31/03/2026 | P25: Đảm bảo 20% hồ sơ (hồ sơ nhân sự) được số hoá trước 31/03/2026 | Q25: Đảm bảo 20% hồ sơ (hồ sơ nhân sự) được số hoá trước 31/03/2026
C26: PHÁT TRIỂN (L) | D26: 0.2 | M26: 0 | N26: PHÁT TRIỂN (L)
B27: 1 | C27: Hoàn thành xây dựng hệ thống lương 3P trước ngày 31/12/2026 | D27: 0.4 | E27: Thời gian hoàn thành xây dựng và vận hành hệ thống lương 3P | F27: TH ≤ KH, KPI = 100% TH > KH, KPI = 0% | G27: 46387 | H27: Ban KPI | I27: Ngày | J27: 46387 | L27: =IF(LEN(K27)=0,"",IF(K27<=J27,1,0)) | M27: =IFERROR(L27*D27,"") | N27: Thời gian hoàn thành xây dựng và vận hành hệ thống lương 3P | O27: Thời gian hoàn thành xây dựng và vận hành hệ thống lương 3P
B28: 2 | C28: Hoàn thành việc xây dựng lại đơn giá tiền lương và hệ số lương của Biên đọc (nhằm nâng cao NSLĐ) HĐ lương phê duyệt trước 31/12/2026 | D28: 0.15 | E28: Thời gian hoàn thành việc xây dựng lại đơn giá tiền lương và hệ số lương của Biên đọc (nhằm nâng cao NSLĐ) trình HĐ lương thực tế | F28: TH ≤ KH, KPI = 100% TH > KH, KPI = 0% | G28: 46387 | H28: Hội đồng lương | I28: Ngày | J28: 46387 | L28: =IF(LEN(K28)=0,"",IF(K28<=J28,1,0)) | M28: =IFERROR(L28*D28,"") | N28: ='[1]A7.4.Mục tiêu Phòng Q1.26'!P27 -> #REF! | O28: Hoàn thành việc xây dựng lại đơn giá tiền lương và hệ số lương của Biên đọc (nhằm nâng cao NSLĐ) HĐ lương phê duyệt trước 31/12/2026 | P28: Hoàn thành việc xây dựng lại đơn giá tiền lương và hệ số lương của Biên đọc (nhằm nâng cao NSLĐ) HĐ lương phê duyệt trước 31/12/2026
B29: 3 | C29: Tổ chức 03 khóa đào tạo | D29: 0.2 | E29: Số khoá đào tạo được tổ chức | F29: TH ≥ KH, KPI = 100% TH < KH, KPI = 0 | G29: 46387 | H29: HCNS báo cáo, Ban Kế hoạch xác nhận | I29: Khoá đào tạo | J29: 3 | L29: =IF(LEN(K29)=0,"",IF(K29>=J29,100%,0%)) | M29: =IFERROR(L29*D29,"") | N29: ='[1]A7.4.Mục tiêu Phòng Q1.26'!P28 -> 0 | O29: Tổ chức 01 khóa đào tạo | P29: Tổ chức 02 khóa đào tạo
B30: 4 | C30: Ứng dụng AI trong việc lập Kết luận giao ban hàng tháng | D30: 0.25 | E30: Số lần ứng dụng AI trong việc lập Kết luận giao ban hàng tháng | F30: TH ≥ KH, KPI = 100% TH < KH, KPI = 0 | G30: 46387 | H30: TT CNTT xác nhận | I30: Lần | J30: 1 | L30: =IF(LEN(K30)=0,"",IF(K30>=J30,100%,0%)) | M30: =IFERROR(L30*D30,"") | N30: ='[1]A7.4.Mục tiêu Phòng Q1.26'!P29 -> 0 | P30: Ứng dụng AI trong việc lập Kết luận giao ban hàng tháng
B31: TỔNG: | D31: 1 | M31: 0
C33: Người lập | F33: Giám đốc đơn vị | J33: Phê duyệt
C40: Ngày (Date) ....../....../...... | F40: Ngày (Date) ....../....../...... | K40: Ngày (Date) ....../....../......

Sheet A7.5.Mục tiêu Phòng Tháng
B2: Dự án: | C2: XÂY DỰNG HỆ THỐNG ĐÁNH GIÁ HIỆU QUẢ CÔNG VIỆC
B3: Yêu cầu: | C3: CÔNG TY CỔ PHẦN CẤP NƯỚC ĐÀ NẴNG
B4: Tư vấn: | C4: BrainMark Vietnam
B6: A7.5 | C6: MỤC TIÊU BAN ….. - THÁNG/NĂM 202….
B9: Stt | C9: MỤC TIÊU PHÒNG … NĂM 202…. | D9: TRỌNG SỐ (%) | E9: THÁNG 1 | F9: THÁNG 2 | G9: THÁNG 3 | H9: THÁNG 4 | I9: THÁNG 5 | J9: THÁNG 6 | K9: THÁNG 7 | L9: THÁNG 8 | M9: THÁNG 9 | N9: THÁNG 10 | O9: THÁNG 11 | P9: THÁNG 12
C10: TÀI CHÍNH (F)
B11: 1
B12: 2
B13: 3
B14: 4
B15: 5
C16: KHÁCH HÀNG (C)
B17: 1
B18: 2
B19: 3
B20: 4
B21: 5
C22: VẬN HÀNH (B)
B23: 1
B24: 2
B25: 3
B26: 4
B27: 5
C28: PHÁT TRIỂN (L)
B29: 1
B30: 2
B31: 3
B32: 4
B33: 5
C34: TOTAL | D34: =D10+D16+D22+D28 -> 0
C36: Người lập (Prepared by) | E36: Xem xét (Checked by) | M36: Phê duyệt (Approved by)
C43: Ngày (Date) ....../....../...... | E43: Ngày (Date) ....../....../...... | M43: Ngày (Date) ....../....../......

Sheet A7.8.KPI Cong ty Nam 2025
B2: Dự án: | C2: XÂY DỰNG HỆ THỐNG ĐÁNH GIÁ HIỆU QUẢ CÔNG VIỆC
B3: Yêu cầu: | C3: CÔNG TY CỔ PHẦN CẤP NƯỚC ĐÀ NẴNG
B4: Tư vấn: | C4: BrainMark Vietnam
B6: A7.8 | C6: KPI CÔNG TY NĂM 2025
B8: STT | C8: Mục tiêu | D8: Trọng số (%) | E8: Tiêu chí đánh giá (TH) | F8: Phương pháp đo | G8: Thời điểm ghi nhận | H8: Nguồn chứng minh | I8: ĐVT | J8: Kế hoạch (KH) | K8: Thực hiện (TH) | L8: Hoàn thành | M8: KẾT QUẢ KPI
C9: VẬN HÀNH (B) | D9: 0.4 | M9: =SUM(M10:M14)*D9 -> 0.40165015
B10: 1 | C10: Sản lượng nước sản xuất đạt 122.030.057 m³, tăng 3% so với thực hiện năm trước | D10: 0.15 | E10: Tổng sản lượng nước sản xuất thực tế (bao gồm sản lượng Hoà Liên) | F10: TH ≥ 80%KH: KPI = TH/KH*100% TH < 80%KH: KPI = 0% Max KPI = 120% | G10: 46022 | H10: Báo cáo của B.KH | I10: m³ | J10: 122030057 | K10: 122050000 | L10: =IF(LEN(K10)=0,"",IF(K10<J10*80%,0,MIN(120%,K10/J10*100%))) -> 1.0001634 | M10: =IFERROR(L10*D10,"") -> 0.15002451
B11: 2 | C11: Sản lượng nước tiêu thụ đạt 106.776.300 m³, tăng 3% so với năm trước | D11: 0.3 | E11: Tổng sản lượng nước tiêu thụ thực tế | F11: TH ≥ 95%KH: KPI = TH/KH*100% TH < 95%KH: KPI = 0% Max KPI = 120% | G11: 46022 | H11: Báo cáo của B.TCKT | I11: m³ | J11: 106776300 | K11: 107952410 | L11: =IF(LEN(K11)=0,"",IF(K11<J11*95%,0,MIN(120%,K11/J11*100%))) -> 1.0110147 | M11: =IFERROR(L11*D11,"") -> 0.30330441
B12: 3 | C12: Tỷ lệ thất thoát nước không vượt quá 11,33% | D12: 0.3 | E12: Tỷ lệ thất thoát nước thực tế | F12: TH ≤ KH: KPI = KH/TH*100% TH > KH: KPI = 0% Max KPI = 120% | G12: 46022 | H12: Báo cáo của TTQLVH | I12: % | J12: 0.1133 | K12: 0.113 | L12: =IF(LEN(K12)=0,"",IF(K12>J12,0,MIN(120%,J12/K12*100%))) -> 1.0026549 | M12: =IFERROR(L12*D12,"") -> 0.30079646
B13: 4 | C13: Số lượng thay thế đồng hồ đạt 23.824 chiếc/năm | D13: 0.15 | E13: Số lượng đồng hồ thay thế thực tế | F13: TH ≥ KH, KPI = 100% TH < KH, KPI = 0 | G13: 46022 | H13: Báo cáo của B.TCKT | I13: Chiếc | J13: 23824 | K13: 24100 | L13: =IF(LEN(K13)=0,"",IF(K13>=J13,100%,0%)) -> 1 | M13: =IFERROR(L13*D13,"") -> 0.15
B14: 5 | C14: Tỷ lệ khu vực được kiểm soát áp lực nước/tổng khu vực cấp nước đạt 100% | D14: 0.1 | E14: Tỷ lệ khu vực được kiểm soát áp lực nước / tổng khu vực cấp nước | F14: TH ≥ 90%KH: KPI = TH/KH*100% TH < 90%KH: KPI = 0% Max KPI = 120% | G14: 46022 | H14: Báo cáo của TTQLVH | I14: % | J14: 1 | K14: 1 | L14: =IF(LEN(K14)=0,"",IF(K14<J14*90%,0,MIN(120%,K14/J14*100%))) -> 1 | M14: =IFERROR(L14*D14,"") -> 0.1
C15: TÀI CHÍNH (F) | D15: 0.35 | M15: =SUM(M16:M21)*D15 -> 0.38595884
B16: 1 | C16: Doanh thu ngành nước đạt 733,530 tỷ, tăng 15% so với năm trước | D16: 0.15 | E16: Doanh thu ngành nước thực tế | F16: TH ≥ KH: KPI = TH/KH*100% TH < KH: KPI = 0% Max KPI = 120% | G16: 46022 | H16: Báo cáo của B.TCKT | I16: Tỷ | J16: 733.53 | K16: 809211620187 | L16: =IF(LEN(K16)=0,"",IF(K16<J16,0,MIN(120%,K16/J16*100%))) -> 1.2 | M16: =IFERROR(L16*D16,"") -> 0.18
B17: 2 | C17: Doanh thu ngành xây lắp đạt 3 tỷ | D17: 0.1 | E17: Doanh thu ngành xây lắp thực tế | F17: TH ≥ 80%KH: KPI = TH/KH*100% TH < 80%KH: KPI = 0% Max KPI = 120% | G17: 46022 | H17: Báo cáo của B.TCKT | I17: Tỷ | J17: 3 | K17: 3.5 | L17: =IF(LEN(K17)=0,"",IF(K17<J17*80%,0,MIN(120%,K17/J17*100%))) -> 1.1666667 | M17: =IFERROR(L17*D17,"") -> 0.11666667
B18: 3 | C18: Chỉ tiêu đơn giá nước bình quân đạt 7.020 đồng/m³ | D18: 0.3 | E18: Chỉ tiêu đơn giá nước bình quân trong năm | F18: TH ≥ KH, KPI = TH/KH*100% TH < KH, KPI = 0 Max KPI = 120% | G18: 46022 | H18: Báo cáo của B.TCKT | I18: đồng/m³ | J18: 7020 | K18: 7080 | L18: =IF(LEN(K18)=0,"",IF(K18<J18,0,MIN(120%,K18/J18*100%))) -> 1.008547 | M18: =IFERROR(L18*D18,"") -> 0.3025641
B19: 4 | C19: Lợi nhuận trước thuế đạt 161,667 tỷ, tăng 44% so với năm trước | D19: 0.15 | E19: Lợi nhuận trước thuế thực tế | F19: TH ≥ KH: KPI = TH/KH*100% TH < KH: KPI = 0% Max KPI = 120% | G19: 46022 | H19: Báo cáo của B.TCKT | I19: Tỷ | J19: 161.667 | K19: 230 | L19: =IF(LEN(K19)=0,"",IF(K19<J19,0,MIN(120%,K19/J19*100%))) -> 1.2 | M19: =IFERROR(L19*D19,"") -> 0.18
B20: 5 | C20: Số dư công nợ ngành nước/Doanh thu ngành nước không quá 1,7% | D20: 0.1 | E20: Số dư công nợ so với doanh thu (chỉ tính ngành nước) | F20: TH ≤ KH: KPI = KH/TH*100% TH > KH: KPI = 0% Max KPI = 120% | G20: 46022 | H20: Báo cáo của B.TCKT | I20: % | J20: 0.017 | K20: 0.014 | L20: =IF(LEN(K20)=0,"",IF(K20>J20,0,MIN(120%,J20/K20*100%))) -> 1.2 | M20: =IFERROR(L20*D20,"") -> 0.12
B21: 6 | C21: Chi phí vận hành (gồm chi phí hoá chất, điện năng)/m³ nước không vượt quá 580 đồng/m³ | D21: 0.2 | E21: Chi phí vận hành thực tế (gồm chi phí hoá chất & điện năng)/m³ nước (Không tính Hoà Liên) | F21: TH ≤ KH: KPI = KH/TH*100% TH > KH: KPI = 0% Max KPI = 120% | G21: 46022 | H21: Báo cáo của B.TCKT | I21: đồng/m³ | J21: 580 | K21: 570 | L21: =IF(LEN(K21)=0,"",IF(K21>J21,0,MIN(120%,J21/K21*100%))) -> 1.0175439 | M21: =IFERROR(L21*D21,"") -> 0.20350877
C22: KHÁCH HÀNG (C) | D22: 0.1 | K22: 8050 | M22: =SUM(M23:M28)*D22 -> 0.10269811
B23: 1 | C23: Số lượng đồng hồ khách hàng đặt mới đạt 7.420 chiếc | D23: 0.2 | E23: Số lượng đồng hồ đặt mới | F23: TH ≥ 80%KH: KPI = TH/KH*100% TH < 80%KH: KPI = 0% Max KPI = 120% | G23: 46022 | H23: Báo cáo của B.TCKT | I23: Chiếc | J23: 7420 | K23: 8050 | L23: =IF(LEN(K23)=0,"",IF(K23<J23*80%,0,MIN(120%,K23/J23*100%))) -> 1.0849057 | M23: =IFERROR(L23*D23,"") -> 0.21698113
B24: 2 | C24: Đảm bảo mức độ hài lòng khách hàng được khảo sát đạt ≥ 80% | D24: 0.15 | E24: Tỷ lệ hài lòng của KH/tổng số KH được khảo sát | F24: TH ≥ 80%KH: KPI = TH/KH*100% TH < 80%KH: KPI = 0% Max KPI = 120% | G24: 46022 | H24: Báo cáo của TT CSKH | I24: % | J24: 0.8 | K24: 0.8 | L24: =IF(LEN(K24)=0,"",IF(K24<J24*80%,0,MIN(120%,K24/J24*100%))) -> 1 | M24: =IFERROR(L24*D24,"") -> 0.15
B25: 3 | C25: Thời gian xử lý đơn khiếu nại của KH (có báo cáo bằng văn bản) trung bình không quá 05 ngày làm việc kể từ ngày tiếp nhận đơn | D25: 0.15 | E25: Trung bình thời gian xử lý đơn khiếu nại của KH (có báo cáo bằng văn bản) kể từ ngày tiếp nhận đơn | F25: TH ≤ KH: KPI = KH/TH*100% TH > KH: KPI = 0% Max KPI = 120% | G25: 46022 | H25: Báo cáo của TT CSKH | I25: Ngày | J25: 5 | K25: 5 | L25: =IF(LEN(K25)=0,"",IF(K25>J25,0,MIN(120%,J25/K25*100%))) -> 1 | M25: =IFERROR(L25*D25,"") -> 0.15
B26: 4 | C26: Tỷ lệ phản ánh về chất lượng dịch vụ giảm 5% so với tổng phản ánh năm trước | D26: 0.15 | E26: Tỷ lệ giảm phản ánh về chất lượng dịch vụ so với tổng số phản ánh năm trước | F26: TH ≥ 80%KH: KPI = TH/KH*100% TH < 80%KH: KPI = 0% Max KPI = 120% | G26: 46022 | H26: Báo cáo của TT CSKH | I26: % | J26: 0.05 | K26: 0.05 | L26: =IF(LEN(K26)=0,"",IF(K26<J26*80%,0,MIN(120%,K26/J26*100%))) -> 1 | M26: =IFERROR(L26*D26,"") -> 0.15
B27: 5 | C27: Đảm bảo ≥ 2% khách hàng/tổng số khách hàng được thiết lập hồ sơ quản lý (tính scan hợp đồng để tạo mã dữ liệu KH) | D27: 0.2 | E27: Tỷ lệ khách hàng/tổng số khách hàng được thiết lập hồ sơ quản lý (chỉ tính scan hợp đồng để tạo mã HĐ và mã KH) | F27: TH ≥ KH: KPI = TH/KH*100% TH < KH: KPI = 0% Max KPI = 120% | G27: 46022 | H27: TT CNTT | I27: % | J27: 0.02 | K27: 0.021 | L27: =IF(LEN(K27)=0,"",IF(K27<J27,0,MIN(120%,K27/J27*100%))) -> 1.05 | M27: =IFERROR(L27*D27,"") -> 0.21
B28: 6 | C28: Tỷ lệ người dùng đăng ký Zalo OA của Công ty đạt ≥ 86% | D28: 0.15 | E28: Tỷ lệ người dùng đăng ký Zalo OA của Công ty | F28: TH ≥ KH, KPI = 100% TH < KH, KPI = 0 | G28: 46022 | H28: Báo cáo của TT CSKH | I28: % | J28: 0.86 | K28: 0.87 | L28: =IF(LEN(K28)=0,"",IF(K28>=J28,100%,0%)) -> 1 | M28: =IFERROR(L28*D28,"") -> 0.15
C29: PHÁT TRIỂN ĐỔI MỚI | D29: 0.15 | M29: =SUM(M30:M33)*D29 -> 0.15
B30: 1 | C30: Hoàn thành xây dựng và vận hành hệ thống BSC-KPI trước ngày 31/12/2025 | D30: 0.4 | E30: Thời gian hoàn thành xây dựng và vận hành hệ thống BSC-KPI | F30: TH ≤ KH, KPI = 100% TH > KH, KPI = 0% | G30: 46022 | H30: Báo cáo của Ban Nhân sự | I30: Ngày | J30: 46022 | K30: 46022 | L30: =IF(LEN(K30)=0,"",IF(K30<=J30,1,0)) -> 1 | M30: =IFERROR(L30*D30,"") -> 0.4
B31: 2 | C31: Đảm bảo có ít nhất 01 sáng kiến cải tiến cấp Công ty | D31: 0.2 | E31: Số lượng sáng kiến cải tiến cấp Công ty | F31: TH ≥ KH, KPI = 100% TH < KH, KPI = 0 | G31: 46022 | H31: Quyết định công nhận sáng kiến | I31: Sáng kiến | J31: 1 | K31: 1 | L31: =IF(LEN(K31)=0,"",IF(K31>=J31,100%,0%)) -> 1 | M31: =IFERROR(L31*D31,"") -> 0.2
B32: 3 | C32: Tổ chức 03 khóa đào tạo | D32: 0.2 | E32: Số khoá đào tạo được tổ chức | F32: TH ≥ KH, KPI = 100% TH < KH, KPI = 0 | G32: 46022 | H32: Báo cáo của Ban Nhân sự | I32: Khoá đào tạo | J32: 3 | K32: 3 | L32: =IF(LEN(K32)=0,"",IF(K32>=J32,100%,0%)) -> 1 | M32: =IFERROR(L32*D32,"") -> 0.2
B33: 4 | C33: Có ít nhất 01 đề tài/dự án phát triển KHCN được ứng dụng | D33: 0.2 | E33: Số lượng đề tài/dự án phát triển KHCN được ứng dụng | F33: TH ≥ KH, KPI = 100% TH < KH, KPI = 0 | G33: 46022 | H33: QĐ phê duyệt ứng dụng của HĐQT | I33: Đề tài/ Dự án | J33: 1 | K33: 1 | L33: =IF(LEN(K33)=0,"",IF(K33>=J33,100%,0%)) -> 1 | M33: =IFERROR(L33*D33,"") -> 0.2
B34: TỔNG: | D34: =D9+D15+D22+D29 -> 1 | M34: =SUM(M29,M22,M15,M9) -> 1.0403071
C36: Người lập (Prepared by) | F36: Xem xét (Checked by) | K36: Phê duyệt (Approved by)
C37: Trưởng phòng …........... | F37: Phó Giám đốc | K37: Giám đốc
C43: Ngày (Date) ....../....../...... | F43: Ngày (Date) ....../....../...... | K43: Ngày (Date) ....../....../......

Sheet Bảng đánh giá KPI (ĐK thêm)
C1: CÔNG TY CỔ PHẦN CẤP NƯỚC ĐÀ NẴNG
B2: BẢNG XÁC NHẬN KẾT QUẢ KPI BAN HÀNH CHÍNH - NHÂN SỰ - QUÝ 4/NĂM 2025 - MỤC TIÊU ĐĂNG KÝ THÊM Nếu đúng thì dấu ✔, Sai thì điền số liệu đúng vào
B4: STT | C4: Mục tiêu đánh giá | D4: Phương pháp đo | E4: Nguồn chứng minh | F4: ĐVT | G4: Kế hoạch (KH) | H4: Thực hiện (TH) | I4: Ban Kế hoạch | J4: Ban Kỹ thuật | K4: Ban Tài chính - Kế toán | L4: Trung tâm QLVH | M4: Ban HCNS | N4: Trung tâm CNTT | O4: XNCN KV I | P4: XNCN KV II | Q4: XNCN KV III | R4: XNCN KV IV
B5: 1 | C5: Hoàn thành bàn giao kiểm kê CCDC năm 2024 do Ban HCNS phụ trách trước ngày 30/11/2025 | D5: TH ≤ KH, KPI = 100% TH > KH, KPI = 0% | E5: Ban TCKT | F5: Ngày | G5: 45991
B6: 2 | C6: Đảm bảo tuân thủ 100% chế độ chính sách quy định về PCCC, ATVSLĐ | D6: TH = 0, KPI = 100% TH ≥ 1, KPI = 0% | E6: Ban HCNS | F6: Lần | G6: 0
B7: 3 | C7: Hoàn thành báo cáo kiểm tra tuân thủ nội quy lao động trước ngày 02 hàng tháng | D7: TH = 0, KPI = 100% TH ≥ 1, KPI = 0% | E7: Ban HCNS | F7: Lần | G7: 0
B8: 4 | C8: Không quá 1 lần sai sót/chậm trễ trong việc tính lương, thực hiện chế độ chính sách cho người lao động hoặc báo cáo số liệu liên quan cho Giám đốc ban/các đơn vị | D8: TH ≤ KH, KPI = 100% TH > KH, KPI = 0% | E8: Ban HCNS Tổng hợp báo cáo, Ban TCKT xác nhận | F8: Lần | G8: 1
B9: 5 | C9: Đảm bảo 100% tham mưu pháp lý cho HĐQT, Ban Điều hành | D9: TH ≥ KH, KPI = 100% TH < KH, KPI = 0 | E9: Ban HCNS báo cáo | F9: Lần | G9: 1
B10: 6 | C10: Kiểm soát tiến độ xử lý văn bản, hồ sơ đúng hạn đạt 100% | D10: TH = 0, KPI = 100% TH ≥ 1, KPI = 0% | E10: Ban HCNS | F10: Lần | G10: 0
B11: 7 | C11: Đảm bảo theo dõi, ký mới và gia hạn 100% hợp đồng lao động đúng quy định | D11: TH = 0, KPI = 100% TH ≥ 1, KPI = 0% | E11: Ban HCNS | F11: Lần | G11: 0
B12: 8 | C12: Hoàn thành báo cáo kiểm kê CCDC năm 2024 do Ban HCNS phụ trách trước ngày 31/12/2025 | D12: TH ≥ KH, KPI = 100% TH < KH, KPI = 0 | E12: Ban HCNS | F12: Ngày | G12: 46022
B13: 9 | C13: Không có phản ánh, phàn nàn của khách hàng, khách mời về công tác lễ tân khánh tiết | D13: TH = 0, KPI = 100% TH ≥ 1, KPI = 0% | E13: Ban HCNS | F13: Lần | G13: 0
B14: 10 | C14: 100% hồ sơ, công văn được lưu trữ đúng quy định (nơi nhận, thời hạn…) | D14: TH = 0, KPI = 100% TH ≥ 1, KPI = 0% | E14: Ban HCNS | F14: Lần | G14: 0
B15: 11 | C15: Đảm bảo 100% công văn đi - đến được xử lý đúng hạn (tại giai đoạn theo chức năng Ban HCNS) | D15: TH = 0, KPI = 100% TH ≥ 1, KPI = 0% | E15: Ban HCNS | F15: Lần | G15: 0
B16: 12 | C16: Đảm bảo không vi phạm Luật ATGT | D16: TH = 0, KPI = 100% TH ≥ 1, KPI = 0% | E16: Ban HCNS | F16: Lần | G16: 0
... B22: 18 | C22: Không có trường hợp KH phàn nàn vì cuộc gọi nhỡ do yếu tố chủ quan | D22: TH = 0, KPI = 100% TH ≥ 1, KPI = 0% | E22: Ban HCNS | F22: Lần | G22: 0
B23: CHỮ KÝ XÁC NHẬN

Sheet A7.10.NH KPI CÁ NHÂN
B2: Dự án: | C2: XÂY DỰNG HỆ THỐNG ĐÁNH GIÁ HIỆU QUẢ CÔNG VIỆC
B3: Yêu cầu: | C3: CÔNG TY CỔ PHẦN CẤP NƯỚC ĐÀ NẴNG
B4: Tư vấn: | C4: BrainMark Vietnam
B6: A7.10 | C6: NGÂN HÀNG KPI CÁ NHÂN
C7: PHÒNG PTTT
C8: VỊ TRÍ: CHUYÊN VIÊN NHÂN SỰ
B10: STT | C10: NGÂN HÀNG MỤC TIÊU | D10: ĐVT | E10: PHƯƠNG PHÁP ĐO
B11: 1
B12: 2
B13: 3
B14: 4
B15: 5
B16: 6
B17: 7
B18: 8
B19: 9
B20: 10
C22: HƯỚNG DẪN CHUNG
C23: Từ viết tắt
C24: KH: Kế hoạch
C25: TH: Thực hiện
C26: Cách đặt mục tiêu
C27: - Danh từ + động từ + chỉ tiêu
C28: - Chỉ tiêu ghi vào cột kế hoạch (KH)
C29: Các thang đo thưởng gặp trong KPI
C30: Tham khảo tài liệu hướng dẫn các thang đo trong KPI

Sheet A7.9.KPI Ban HCNS năm 2026
B2: Dự án: | C2: XÂY DỰNG HỆ THỐNG ĐÁNH GIÁ HIỆU QUẢ CÔNG VIỆC
B3: Yêu cầu: | C3: CÔNG TY CỔ PHẦN CẤP NƯỚC ĐÀ NẴNG
B4: Tư vấn: | C4: BrainMark Vietnam
B6: A7.9 | C6: KPI BAN HCNS - NĂM 2026
B9: STT | C9: Mục tiêu | D9: Trọng số (%) | E9: Tiêu chí đánh giá | F9: Phương pháp đo | G9: Thời điểm ghi nhận | H9: Nguồn chứng minh | I9: ĐVT | J9: Kế hoạch (KH) | K9: Thực hiện (TH) | L9: Hoàn thành | M9: Kết quả KPI
C10: VẬN HÀNH (B) | D10: 0.4
B11: 1 | C11: Hoàn thành 95% các công việc theo phiếu giao việc, thông báo họp giao ban và thông báo khác của Ban Tổng giám đốc giao | D11: 0.2 | E11: Tỷ lệ hoàn thành các công việc theo Ban TGĐ giao (trong cuộc họp giao ban) thực tế | F11: TH ≥ KH, KPI = 100% TH < KH, KPI = 0 | G11: 46387 | H11: Ban Kế hoạch chủ trì, phối hợp với Ban TCKT, Ban HCNS, Ban Kỹ thuật,… | I11: % | J11: 0.95 | L11: =IF(LEN(K11)=0,"",IF(K11>=J11,100%,0%)) | M11: =IFERROR(L11*D11,"")
B12: 2 | C12: Tỷ lệ văn bản, hồ sơ xử lý đúng hạn sau khi tiếp nhận văn bản ≥ 90%/tổng số lượng văn bản văn phòng điện tử tiếp nhận | D12: 0.2 | E12: Tỷ lệ văn bản, hồ sơ xử lý đúng hạn sau khi tiếp nhận văn bản/tổng số lượng văn bản văn phòng điện tử tiếp nhận thực tế | F12: TH < 80%: KPI= 0 TH ≥ 80%: TH/KH*100% Max KPI = 120% | G12: 46387 | H12: Ban HCNS báo cáo, Ban kế hoạch xác nhận | I12: % | J12: 0.9 | L12: =IF(LEN(K12)=0,"",IF(K12<80%,0,MIN(120%,K12/J12*100%))) | M12: =IFERROR(L12*D12,"") | N12: =IF(LEN(M12)=0,"",IF(AND(M12>=L12,M12<100%),100%,IF(M12=100%,120%,0%)))
B13: 3 | C13: Đảm bảo 100% công văn đi đến được xử lý đúng hạn (tại giai đoạn theo chức năng Ban HCNS) | D13: 0.2 | E13: Số lần công văn đi đến xử lý trễ hạn (tại giai đoạn theo chức năng Ban HCNS) thực tế | F13: TH = 0, KPI = 100% TH ≥ 1, KPI = 0% | G13: 46387 | H13: Báo cáo của Ban HCNS | I13: Lần | J13: 0 | L13: =IF(LEN(K13)=0,"",IF(K13=J13,1,0)) | M13: =IFERROR(L13*D13,"")
B14: 4 | C14: Đảm bảo tuân thủ 100% chế độ chính sách quy định Luật Lao động (HĐLĐ, Chế độ nghỉ hưu, nghỉ trước tuổi, nâng lương,…) | D14: 0.15 | E14: Số lần vi phạm thực hiện chế độ chính sách quy định Luật Lao động (HĐLĐ, Chế độ nghỉ hưu, nghỉ trước tuổi, nâng lương,…) | F14: TH = 0, KPI = 100% TH ≥ 1, KPI = 0% | G14: 46387 | H14: Báo cáo của Ban HCNS, Ban TCKT xác nhận | I14: Lần | J14: 0 | L14: =IF(LEN(K14)=0,"",IF(K14=J14,1,0)) | M14: =IFERROR(L14*D14,"")
B15: 5 | C15: Đảm bảo trình HĐQT phê duyệt kế hoạch lao động tiền lương và quyết toán tiền lương năm trước trước 31/3/2026 | D15: 0.25 | E15: Thời gian thực tế trình phê duyệt kế hoạch lao động tiền lương và quyết toán tiền lương năm trước | F15: TH ≤ KH, KPI = 100% TH > KH, KPI = 0% | G15: 46112 | H15: Báo cáo của Ban HCNS, Ban TCKT xác nhận | I15: Ngày | J15: 46112 | L15: =IF(LEN(K15)=0,"",IF(K15<=J15,1,0)) | M15: =IFERROR(L15*D15,"")
C16: TÀI CHÍNH (F) | D16: 0.25
B17: 1 | C17: Chi phí Văn phòng phẩm (bộ phận văn phòng công ty) giảm 2% so với năm trước | D17: 0.4 | E17: Tỷ lệ chi phí VVP (bộ phận VP Công ty) giảm so với năm 2025 thực tế | F17: TH ≥ KH: KPI = TH/KH*100% TH < KH: KPI = 0% Max KPI = 120% | G17: 46387 | H17: Ban TCKT xác nhận | I17: % | J17: 0.02 | L17: =IF(LEN(K17)=0,"",MAX(0%,IF(K17<J17,0,(MIN(120%,K17/J17*100%))))) | M17: =IFERROR(L17*D17,"")
B18: 2 | C18: Kinh phí Đào tạo không vượt quá kế hoạch được duyệt trong năm | D18: 0.4 | E18: Tỷ lệ kinh phí đào tạo so với kế hoạch đào tạo được duyệt trong năm thực tế | F18: TH <= KH: KPI = 100% TH > KH: KPI =0% | G18: 46387 | H18: Báo cáo của Ban HCNS, Ban TCKT xác nhận | I18: % | J18: 1 | L18: =IF(LEN(K18)=0,"",IF(K18<=J18,1,0)) | M18: =IFERROR(L18*D18,"")
B19: 3 | C19: Sản lượng điện tiêu thụ thụ văn phòng cty năm 2026 không tăng so với năm 2025 | D19: 0.2 | E19: Sản lượng điện tiêu thụ 2026 (VPCT) thực tế so với năm 2025 | F19: TH ≥ KH: KPI = TH/KH*100% TH < KH: KPI = TH/KH*100% Max KPI = 120% | G19: 46387 | H19: Báo cáo của Ban HCNS, Ban TCKT xác nhận | I19: kWh | J19: Số liệu 2025 | L19: =IF(LEN(K19)=0,"",IF(K19>J19,0,MIN(120%,J19/K19*100%))) | M19: =IFERROR(L19*D19,"")
C20: KHÁCH HÀNG (C) | D20: 0.15
B21: 1 | C21: Không quá 4 lần/người/năm phàn nàn của khách hàng về thái độ tiếp xúc, chăm sóc khách hàng của Bộ phận Call Center | D21: 0.25 | E21: Số lần phàn nàn của khách hàng về thái độ tiếp xúc, chăm sóc khách hàng của Bộ phận Call Center | F21: TH ≤ KH: KPI = 100% TH > KH: KPI = 0% | G21: 46387 | H21: Ban HCNS xác nhận | I21: Lần | J21: 4 | L21: =IF(LEN(K21)=0,"",IF(K21<=J21,1,0)) | M21: =IFERROR(L21*D21,"")
B22: 2 | C22: Đảm bảo hoàn thành khảo sát mức độ hài lòng của khách hàng (theo chủ trương của HĐQT) | D22: 0.15 | E22: Số lần chậm trễ hoàn thành khoả sát mức độ hài lòng của khách hàng (theo chủ trương của HĐQT) thực tế | F22: TH = 0, KPI = 100% TH ≥ 1, KPI = 0% | G22: 46387 | H22: TTCNTT xác nhận | I22: Ngày | J22: 46387 | L22: =IF(LEN(K22)=0,"",IF(K22=J22,1,0)) | M22: =IFERROR(L22*D22,"")
B23: 3 | C23: Thời gian xử lý đơn khiếu nại của KH (có báo cáo bằng văn bản) trung bình không quá 05 ngày làm việc kể từ ngày tiếp nhận đơn | D23: 0.2 | E23: Trung bình thời gian xử lý đơn khiếu nại của KH (có báo cáo bằng văn bản) kể từ ngày tiếp nhận đơn | F23: TH ≤ KH: KPI = KH/TH*100% TH > KH: KPI = 0% Max KPI = 120% | G23: 46387 | H23: HCNS báo cáo, các XN liên quan xác nhận | I23: Ngày | J23: 5 | L23: =IF(LEN(K23)=0,"",IF(K23>J23,0,MIN(120%,J23/K23*100%))) | M23: =IFERROR(L23*D23,"")
B24: 4 | C24: Tỷ lệ phản ánh về chất lượng dịch vụ giảm 5% so với tổng phản ánh năm trước | D24: 0.15 | E24: Tỷ lệ giảm phản ánh về chất lượng dịch vụ so với tổng số phản ánh năm trước | F24: TH ≥ 80%KH: KPI = TH/KH*100% TH < 80%KH: KPI = 0% Max KPI = 120% | G24: 46387 | H24: HCNS báo cáo, các XN liên quan xác nhận | I24: % | J24: 5 | L24: =IF(LEN(K24)=0,"",IF(K24=J24,1,0)) | M24: =IFERROR(L24*D24,"")
B25: 5 | C25: Đảm bảo 80% hồ sơ (hồ sơ nhân sự) được số hoá trước 31/12/2026 | D25: 0.25 | E25: Tỷ lệ hồ sơ (hồ sơ nhân sự) được số hoá thực tế | F25: TH < KH: KPI = 0% TH ≥ KH: KPI = TH/KH*100% | G25: 46387 | H25: TT CNTT xác nhận | I25: % | J25: 0.8 | L25: =IF(LEN(K25)=0,"",IF(K25<J25,0,MIN(120%,K25/J25*100%))) | M25: =IFERROR(L25*D25,"")
C26: PHÁT TRIỂN (L) | D26: 0.2
B27: 1 | C27: Hoàn thành xây dựng hệ thống lương 3P trước ngày 31/12/2026 | D27: 0.4 | E27: Thời gian hoàn thành xây dựng và vận hành hệ thống lương 3P | F27: TH ≤ KH, KPI = 100% TH > KH, KPI = 0% | G27: 46387 | H27: Ban KPI | I27: Ngày | J27: 46387 | L27: =IF(LEN(K27)=0,"",IF(K27<=J27,1,0)) | M27: =IFERROR(L27*D27,"")
B28: 2 | C28: Hoàn thành việc xây dựng lại đơn giá tiền lương và hệ số lương của Biên đọc (nhằm nâng cao NSLĐ) HĐ lương phê duyệt trước 31/12/2026 | D28: 0.15 | E28: Thời gian hoàn thành việc xây dựng lại đơn giá tiền lương và hệ số lương của Biên đọc (nhằm nâng cao NSLĐ) trình HĐ lương thực tế | F28: TH ≤ KH, KPI = 100% TH > KH, KPI = 0% | G28: 46387 | H28: Hội đồng lương | I28: Ngày | J28: 46387 | L28: =IF(LEN(K28)=0,"",IF(K28<=J28,1,0)) | M28: =IFERROR(L28*D28,"")
B29: 3 | C29: Tổ chức 03 khóa đào tạo | D29: 0.2 | E29: Số khoá đào tạo được tổ chức | F29: TH ≥ KH, KPI = 100% TH < KH, KPI = 0 | G29: 46387 | H29: HCNS báo cáo, Ban Kế hoạch xác nhận | I29: Khoá đào tạo | J29: 3 | L29: =IF(LEN(K29)=0,"",IF(K29>=J29,100%,0%)) | M29: =IFERROR(L29*D29,"")
B30: 4 | C30: Ứng dụng AI trong việc lập Kết luận giao ban hàng tháng | D30: 0.25 | E30: Số lần ứng dụng AI trong việc lập Kết luận giao ban hàng tháng | F30: TH ≥ KH, KPI = 100% TH < KH, KPI = 0 | G30: 46387 | H30: TT CNTT xác nhận | I30: Lần | J30: 1 | L30: =IF(LEN(K30)=0,"",IF(K30>=J30,100%,0%)) | M30: =IFERROR(L30*D30,"")
B31: TỔNG: | D31: 1
C33: Người lập | F33: Giám đốc Ban HCNS | J33: Phê duyệt
C40: Ngày (Date) ....../....../...... | F40: Ngày (Date) ....../....../...... | K40: Ngày (Date) ....../....../......

Sheet 1.KPI nam.PGĐ(HC-TS-ATNB)
B2: Dự án: | C2: XÂY DỰNG HỆ THỐNG ĐÁNH GIÁ HIỆU QUẢ CÔNG VIỆC
B3: Yêu cầu: | C3: CÔNG TY CỔ PHẦN CẤP NƯỚC ĐÀ NẴNG
B4: Tư vấn: | C4: BrainMark Vietnam
B6: A7.11 | C6: KPI NHÂN VIÊN - NĂM 2026
B8: Họ và tên: | C8: Nguyễn Văn Vinh | E8: Chức danh: | F8: Phó Giám đốc Ban (Hành chính - Nội quy, Hành chính - Tài sản, An ninh - ATNB)
B9: Mã nhân viên: | C9: 0267 | E9: Đơn vị: | F9: Ban HCNS
B11: I | C11: KPI CÔNG TY VÀ KPI NĂM ĐƠN VỊ | Q11: =Q13+Q14 -> 0
C12: Nội dung | I12: Trọng số (%) | L12: Kế hoạch (KH) | N12: Thực hiện (TH) | O12: Hoàn thành | P12: Ghi chú | Q12: Kết quả KPI
B13: 1 | C13: Kết quả KPI Công ty | I13: 0.4 | L13: 1 | O13: =N13/L13 -> 0 | Q13: =I13*O13 -> 0
B14: 2 | C14: Kết quả KPI Đơn vị | I14: 0.6 | L14: 1 | O14: =N14/L14 -> 0 | Q14: =I14*O14 -> 0
B15: II | C15: MỤC TIÊU QUAN TRỌNG TRONG NĂM | Q15: =SUM(Q17:Q21) -> 0
C16: Mục tiêu | D16: Trọng số (%) | E16: Tiêu chí đánh giá | G16: Phương pháp đo | I16: Nguồn chứng minh | L16: ĐVT | N16: Kế hoạch (KH) | O16: Thực hiện (TH) | P16: Hoàn thành | Q16: Kết quả KPI
B17: 1 | C17: Tỷ lệ văn bản, hồ sơ xử lý đúng hạn sau khi tiếp nhận văn bản ≥ 90%/tổng số lượng văn bản văn phòng điện tử tiếp nhận | D17: 0.15 | E17: Tỷ lệ văn bản, hồ sơ xử lý đúng hạn sau khi tiếp nhận văn bản/tổng số lượng văn bản văn phòng điện tử tiếp nhận thực tế | G17: TH < 80%: KPI= 0 TH ≥ 80%: TH/KH*100% Max KPI = 120% | I17: Ban HCNS báo cáo, Ban kế hoạch xác nhận | L17: % | N17: 0.9 | P17: =IF(LEN(O17)=0,"",IF(O17<80%,0,MIN(120%,O17/N17*100%))) | Q17: =IFERROR(P17*D17,"")
B18: 3 | C18: Đảm bảo tuân thủ 100% quy định về PCCC, ATVSLĐ | D18: 0.2 | E18: Số lần vi phạm chế độ chính sách quy định về PCCC, ATVSLĐ thực tế | G18: TH = 0, KPI = 100% TH ≥ 1, KPI = 0% | I18: Ban HCNS | L18: Lần | N18: 0 | P18: =IF(LEN(O18)=0,"",IF(O18=N18,1,0)) | Q18: =IFERROR(P18*D18,"")
B19: 4 | C19: Sản lượng điện tiêu thụ văn phòng cty năm 2026 không tăng so với năm 2025 | D19: 0.15 | E19: Sản lượng điện tiêu thụ 2026 (VPCT) thực tế so với năm 2025 | G19: TH ≥ KH: KPI = TH/KH*100% TH < KH: KPI = TH/KH*100% Max KPI = 120% | I19: Báo cáo của Ban HCNS, Ban TCKT xác nhận | L19: kWh | N19: Số liệu năm 2025 | P19: =IF(LEN(O19)=0,"",IF(O19>N19,0,MIN(120%,N19/O19*100%))) | Q19: =IFERROR(P19*D19,"")
B20: 5 | C20: Hoàn thành báo cáo kiểm tra tuân thủ nội quy lao động trước ngày 02 hàng tháng | D20: 0.2 | E20: Số lần chậm trễ báo cáo kiểm tra tuân thủ nội quy lao động (sau ngày 2 hàng tháng) thực tế | G20: TH = 0, KPI = 100% TH ≥ 1, KPI = 0% | I20: Ban HCNS | L20: Lần | N20: 0 | P20: =IF(LEN(O20)=0,"",IF(O20=N20,1,0)) | Q20: =IFERROR(P20*D20,"")
B21: 6 | C21: Tổ chức 01 khóa đào tạo | D21: 0.1 | E21: Số khoá đào tạo tổ chức thực tế | G21: TH ≥ KH, KPI = 100% TH < KH, KPI = 0 | I21: Báo cáo của Ban Nhân sự | L21: Khoá đào tạo | N21: 1 | P21: =IF(LEN(O21)=0,"",IF(O21>=N21,100%,0%)) | Q21: =IFERROR(P21*D21,"")
B22: 7 | C22: Ứng dụng AI trong việc lập Kết luận giao ban hàng tháng | D22: 0.2 | E22: Số lần ứng dụng AI trong việc lập Kết luận giao ban hàng tháng | G22: TH ≥ KH, KPI = 100% TH < KH, KPI = 0 | I22: TT CNTT xác nhận | L22: Lần | N22: 1 | P22: =IF(LEN(O22)=0,"",IF(O22>=N22,100%,0%)) | Q22: =IFERROR(P22*D22,"")
B23: III | C23: SỰ PHÙ HỢP VỚI GIÁ TRỊ CỐT LÕI CÔNG TY | Q23: =SUM(Q26:Q30)/5 -> #DIV/0!
C24: Nội dung | I24: Điểm giá trị cốt lõi | O24: Điểm yêu cầu | P24: Điểm đạt | Q24: Kết quả đánh giá phù hợp với giá trị cốt lõi
I25: Tối thiểu | K25: Cơ bản | L25: Đạt yêu cầu | M25: Thành thạo | N25: Xuất sắc
B26: 1 | C26: Giá trị 1 | I26: 1 | K26: 2 | L26: 3 | M26: 4 | N26: 5 | Q26: =P26/O26 -> #DIV/0!
B27: =B26+1 -> 2 | C27: Giá trị 2 | I27: 1 | K27: 2 | L27: 3 | M27: 4 | N27: 5 | Q27: =P27/O27 -> #DIV/0!
B28: 3 | C28: Giá trị 3 | I28: 1 | K28: 2 | L28: 3 | M28: 4 | N28: 5 | Q28: =P28/O28 -> #DIV/0!
B29: =B28+1 -> 4 | C29: Giá trị 4 | I29: 1 | K29: 2 | L29: 3 | M29: 4 | N29: 5 | Q29: =P29/O29 -> #DIV/0!
B30: 5 | C30: Giá trị 5 | I30: 1 | K30: 2 | L30: 3 | M30: 4 | N30: 5 | Q30: =P30/O30 -> #DIV/0!
B31: IV | C31: KẾT QUẢ CỦA QUÁ TRÌNH ĐÁNH GIÁ | Q31: =SUM(N33:N35) -> #DIV/0!
C32: Nội dung | I32: Tổng điểm | L32: Trọng số (%) | N32: Kết quả | O32: Danh hiệu
B33: 1 | C33: Điểm phần I - KPI năm Công ty và KPI năm Đơn vị | I33: =Q11 -> 0 | L33: 0.2 | N33: =I33*L33 -> 0 | O33: =IF(Q31=0,"",IF(Q31>100%,"XUẤT SẮC",IF(Q31>=90%,"TỐT",IF(Q31>=80%,"HOÀN THÀNH","KHÔNG HOÀN THÀNH")))) -> #DIV/0!
B34: =B33+1 -> 2 | C34: Điểm phần II - Mục tiêu quan trọng trong năm | I34: =Q15 -> 0 | L34: 0.7 | N34: =I34*L34 -> 0
B35: =B34+1 -> 3 | C35: Điểm phần III - Sự phù hợp Giá trị cốt lõi của Công ty | I35: =Q23 -> #DIV/0! | L35: 0.1 | N35: =I35*L35 -> #DIV/0!
B36: V | C36: NHẬN XÉT CHUNG
B37: 1 | C37: Xu hướng năng lực | I37: Đi xuống - Down | N37: Ổn định - Stable | P37: Đi lên - Up
B38: 2 | C38: Nhận xét khác | I38: - … - … - …
B41: Người được đánh giá | D41: Giám đốc đơn vị | J41: Người kiểm tra/Phê duyệt
B48: Ngày (Date) ....../....../...... | D48: Ngày (Date) ....../....../...... | J48: Ngày (Date) ....../....../......

Sheet 2.KPI nam.PGĐ(CSKH-LĐ TL)
B2: Dự án: | C2: XÂY DỰNG HỆ THỐNG ĐÁNH GIÁ HIỆU QUẢ CÔNG VIỆC
B3: Yêu cầu: | C3: CÔNG TY CỔ PHẦN CẤP NƯỚC ĐÀ NẴNG
B4: Tư vấn: | C4: BrainMark Vietnam
B6: A7.11 | C6: KPI NHÂN VIÊN - NĂM 2026
B8: Họ và tên: | C8: Đặng Nguyễn Hoài Nhi | E8: Chức danh: | F8: Phó Giám đốc Ban (CSKH - Lao động tiền lương)
B9: Mã nhân viên: | C9: 0036 | E9: Đơn vị: | F9: Ban HCNS
B11: I | C11: KPI CÔNG TY VÀ KPI NĂM ĐƠN VỊ | Q11: =Q13+Q14 -> 0
C12: Nội dung | I12: Trọng số (%) | L12: Kế hoạch (KH) | N12: Thực hiện (TH) | O12: Hoàn thành | P12: Ghi chú | Q12: Kết quả KPI
B13: 1 | C13: Kết quả KPI Công ty | I13: 0.4 | L13: 1 | O13: =N13/L13 -> 0 | Q13: =I13*O13 -> 0
B14: 2 | C14: Kết quả KPI Đơn vị | I14: 0.6 | L14: 1 | O14: =N14/L14 -> 0 | Q14: =I14*O14 -> 0
B15: II | C15: MỤC TIÊU QUAN TRỌNG TRONG NĂM | Q15: =SUM(Q18:Q23) -> 0
C16: Mục tiêu | D16: Trọng số (%) | E16: Tiêu chí đánh giá | G16: Phương pháp đo | I16: Nguồn chứng minh | L16: ĐVT | N16: Kế hoạch (KH) | O16: Thực hiện (TH) | P16: Hoàn thành | Q16: Kết quả KPI
B17: 1 | C17: Hoàn thành 95% các công việc theo phiếu giao việc, thông báo họp giao ban và thông báo khác của Ban Tổng giám đốc giao | D17: 0.15 | E17: Tỷ lệ hoàn thành các công việc theo Ban TGĐ giao (trong cuộc họp giao ban) thực tế | G17: TH ≥ KH, KPI = 100% TH < KH, KPI = 0 | I17: Ban Kế hoạch chủ trì, phối hợp với Ban TCKT, Ban HCNS, Ban Kỹ thuật,… | L17: % | N17: 0.95 | P17: =IF(LEN(O17)=0,"",IF(O17>=N17,100%,0%)) | Q17: =IFERROR(P17*D17,"")
B18: 2 | C18: Không quá 4 lần sai sót/chậm trễ trong việc tính lương, thực hiện chế độ chính sách cho người lao động hoặc báo cáo số liệu liên quan cho Giám đốc ban/các đơn vị | D18: 0.15 | E18: Số lần sai sót/chậm trễ trong việc tính lương, thực hiên chế độ chính sách cho NLĐ hoặc báo cáo số liệu liên quan cho GĐ Ban/các đơn vị thực tế | G18: TH ≤ KH, KPI = 100% TH > KH, KPI = 0% | I18: Ban HCNS Tổng hợp báo cáo, Ban TCKT xác nhận | L18: Lần | N18: 4 | P18: =IF(LEN(O18)=0,"",IF(O18<=N18,1,0)) | Q18: =IFERROR(P18*D18,"")
B19: 3 | C19: Đảm bảo tuân thủ 100% chế độ chính sách quy định Luật Lao động (HĐLĐ, Chế độ nghỉ hưu, nghỉ trước tuổi, nâng lương,…) | D19: 0.15 | E19: Số lần vi phạm chế độ chính sách quy định Luật Lao động thực tế | G19: TH = 0, KPI = 100% TH ≥ 1, KPI = 0% | I19: Ban HCNS Tổng hợp báo cáo, Ban TCKT xác nhận | L19: Lần | N19: 0 | P19: =IF(LEN(O19)=0,"",IF(O19=N19,1,0)) | Q19: =IFERROR(P19*D19,"")
B20: 4 | C20: Đảm bảo trình HĐQT phê duyệt kế hoạch lao động tiền lương và quyết toán tiền lương năm trước trước 31/3/2026 | D20: 0.15 | E20: Thời gian trình phê duyệt kế hoạch lao động tiền lương và quyết toán tiền lương thực tế | G20: TH ≤ KH, KPI = 100% TH > KH, KPI = 0% | I20: Ban HCNS | L20: Ngày | N20: 46112 | P20: =IF(LEN(O20)=0,"",IF(O20<=N20,1,0)) | Q20: =IFERROR(P20*D20,"")
B21: 5 | C21: Không quá 4 lần phàn nàn của khách hàng về thái độ tiếp xúc, chăm sóc khách hàng của Bộ phận Call Center | D21: 0.1 | E21: Số lần phàn nàn của khách hàng về thái độ tiếp xúc, chăm sóc khách hàng của Bộ phận Call Center | G21: TH ≤ KH, KPI = 100% TH > KH, KPI = 0% | I21: Ban HCNS | L21: Lần | N21: 4 | P21: =IF(LEN(O21)=0,"",IF(O21<=N21,1,0)) | Q21: =IFERROR(P21*D21,"")
B22: 6 | C22: Hoàn thành xây dựng hệ thống lương 3P trước ngày 31/12/2026 | D22: 0.15 | E22: Thời gian hoàn thành xây dựng hệ thống lương 3P thực tế | G22: TH ≤ KH, KPI = 100% TH > KH, KPI = 0% | I22: Ban KPI | L22: Ngày | N22: 46387 | P22: =IF(LEN(O22)=0,"",IF(O22<=N22,1,0)) | Q22: =IFERROR(P22*D22,"")
B23: 7 | C23: Hoàn thành việc xây dựng lại đơn giá tiền lương và hệ số lương của Biên đọc (nhằm nâng cao NSLĐ) HĐ lương phê duyệt trước 31/12/2026 | D23: 0.15 | E23: Thời gian hoàn thành việc xây dựng lại đơn giá tiền lương và hệ số lương của Biên đọc thực tế | G23: TH ≤ KH, KPI = 100% TH > KH, KPI = 0% | I23: Ban HCNS báo cáo, Hội đồng lương xác nhận | L23: Ngày | N23: 46387 | P23: =IF(LEN(O23)=0,"",IF(O23<=N23,1,0)) | Q23: =IFERROR(P23*D23,"")
B24: III | C24: SỰ PHÙ HỢP VỚI GIÁ TRỊ CỐT LÕI CÔNG TY | Q24: =SUM(Q27:Q31)/5 -> #DIV/0!
C25: Nội dung | I25: Điểm giá trị cốt lõi | O25: Điểm yêu cầu | P25: Điểm đạt | Q25: Kết quả đánh giá phù hợp với giá trị cốt lõi
I26: Tối thiểu | K26: Cơ bản | L26: Đạt yêu cầu | M26: Thành thạo | N26: Xuất sắc
B27: 1 | C27: Giá trị 1 | I27: 1 | K27: 2 | L27: 3 | M27: 4 | N27: 5 | Q27: =P27/O27 -> #DIV/0!
B28: =B27+1 -> 2 | C28: Giá trị 2 | I28: 1 | K28: 2 | L28: 3 | M28: 4 | N28: 5 | Q28: =P28/O28 -> #DIV/0!
B29: 3 | C29: Giá trị 3 | I29: 1 | K29: 2 | L29: 3 | M29: 4 | N29: 5 | Q29: =P29/O29 -> #DIV/0!
B30: =B29+1 -> 4 | C30: Giá trị 4 | I30: 1 | K30: 2 | L30: 3 | M30: 4 | N30: 5 | Q30: =P30/O30 -> #DIV/0!
B31: 5 | C31: Giá trị 5 | I31: 1 | K31: 2 | L31: 3 | M31: 4 | N31: 5 | Q31: =P31/O31 -> #DIV/0!
B32: IV | C32: KẾT QUẢ CỦA QUÁ TRÌNH ĐÁNH GIÁ | Q32: =SUM(N34:N36) -> #DIV/0!
C33: Nội dung | I33: Tổng điểm | L33: Trọng số (%) | N33: Kết quả | O33: Danh hiệu
B34: 1 | C34: Điểm phần I - KPI năm Công ty và KPI năm Đơn vị | I34: =Q11 -> 0 | L34: 0.2 | N34: =I34*L34 -> 0 | O34: =IF(Q32=0,"",IF(Q32>100%,"XUẤT SẮC",IF(Q32>=90%,"TỐT",IF(Q32>=80%,"HOÀN THÀNH","KHÔNG HOÀN THÀNH")))) -> #DIV/0!
B35: =B34+1 -> 2 | C35: Điểm phần II - Mục tiêu quan trọng trong năm | I35: =Q15 -> 0 | L35: 0.7 | N35: =I35*L35 -> 0
B36: =B35+1 -> 3 | C36: Điểm phần III - Sự phù hợp Giá trị cốt lõi của Công ty | I36: =Q24 -> #DIV/0! | L36: 0.1 | N36: =I36*L36 -> #DIV/0!
B37: V | C37: NHẬN XÉT CHUNG
B38: 1 | C38: Xu hướng năng lực | I38: Đi xuống - Down | N38: Ổn định - Stable | P38: Đi lên - Up
B39: 2 | C39: Nhận xét khác | I39: - … - … - …
B42: Người được đánh giá | D42: Giám đốc đơn vị | J42: Người kiểm tra/Phê duyệt
B49: Ngày (Date) ....../....../...... | D49: Ngày (Date) ....../....../...... | J49: Ngày (Date) ....../....../......

Sheet 3.KPI nam.PGD(NS-PC)
B2: Dự án: | C2: XÂY DỰNG HỆ THỐNG ĐÁNH GIÁ HIỆU QUẢ CÔNG VIỆC
B3: Yêu cầu: | C3: CÔNG TY CỔ PHẦN CẤP NƯỚC ĐÀ NẴNG
B4: Tư vấn: | C4: BrainMark Vietnam
B6: A7.11 | C6: KPI NHÂN VIÊN - NĂM 2026
B8: Họ và tên: | C8: Bùi Thị Ánh Minh | E8: Chức danh: | F8: Phó Giám đốc Ban (Nhân sự - Pháp chế)
B9: Mã nhân viên: | C9: 0537 | E9: Đơn vị: | F9: Ban HCNS
B11: I | C11: KPI CÔNG TY VÀ KPI NĂM ĐƠN VỊ | Q11: =Q13+Q14 -> 0
C12: Nội dung | I12: Trọng số (%) | L12: Kế hoạch (KH) | N12: Thực hiện (TH) | O12: Hoàn thành | P12: Ghi chú | Q12: Kết quả KPI
B13: 1 | C13: Kết quả KPI Công ty | I13: 0.4 | L13: 1 | O13: =N13/L13 -> 0 | Q13: =I13*O13 -> 0
B14: 2 | C14: Kết quả KPI Đơn vị | I14: 0.6 | L14: 1 | O14: =N14/L14 -> 0 | Q14: =I14*O14 -> 0
B15: II | C15: MỤC TIÊU QUAN TRỌNG TRONG NĂM | Q15: =SUM(Q17:Q23) -> 0
C16: Mục tiêu | D16: Trọng số (%) | E16: Tiêu chí đánh giá | G16: Phương pháp đo | I16: Nguồn chứng minh | L16: ĐVT | N16: Kế hoạch (KH) | O16: Thực hiện (TH) | P16: Hoàn thành | Q16: Kết quả KPI
B17: 1 | C17: Hoàn thành 95% công việc theo Ban Tổng giám đốc giao trong cuộc họp giao ban | D17: 0.15 | E17: Tỷ lệ hoàn thành các công việc theo Ban TGĐ giao (trong cuộc họp giao ban) thực tế | G17: TH ≥ KH, KPI = 100% TH < KH, KPI = 0 | I17: Ban Kế hoạch chủ trì, phối hợp với Ban TCKT, Ban HCNS, Ban Kỹ thuật,… | L17: % | N17: 0.95 | P17: =IF(LEN(O17)=0,"",IF(O17>=N17,100%,0%)) | Q17: =IFERROR(P17*D17,"")
B18: 2 | C18: Tỷ lệ văn bản, hồ sơ xử lý đúng hạn sau khi tiếp nhận văn bản ≥ 95% /tổng số lượng văn bản văn phòng điện tử tiếp nhận | D18: 0.15 | E18: Tỷ lệ văn bản, hồ sơ xử lý đúng hạn sau khi tiếp nhận văn bản/tổng số lượng văn bản văn phòng điện tử tiếp nhận thực tế | G18: TH < 80%: KPI= 0 TH ≥ 80%: TH/KH*100% Max KPI = 120% | I18: Ban HCNS báo cáo, Ban kế hoạch xác nhận | L18: % | N18: 0.9 | P18: =IF(LEN(O18)=0,"",IF(O18<80%,0,MIN(120%,O18/N18*100%))) | Q18: =IFERROR(P18*D18,"")
B19: 3 | C19: Đảm bảo 100% công văn đi đến được xử lý đúng hạn (tại giai đoạn theo chức năng Ban HCNS) | D19: 0.1 | E19: Số lần chậm trễ xử lý công văn đi đến theo quy định thực tế | G19: TH = 0, KPI = 100% TH ≥ 1, KPI = 0% | I19: Ban HCNS | L19: Lần | N19: 0 | P19: =IF(LEN(O19)=0,"",IF(O19=N19,1,0)) | Q19: =IFERROR(P19*D19,"")
B20: 4 | C20: Hoàn thành sửa đổi, bổ sung các văn bản của công ty và HĐQT giao: Điều lệ, Quy chế hoạt động của HĐQT,… trước 31/12/2026 | D20: 0.2 | E20: Thời gian hoàn thành sửa đổi, bổ sung các văn bản của công ty và HĐQT giao: Điều lệ, Quy chế hoạt động của HĐQT,… thực tế | G20: TH ≤ KH, KPI = 100% TH > KH, KPI = 0% | I20: Ban HCNS báo cáo | L20: Ngày | N20: 46387 | P20: =IF(LEN(O20)=0,"",IF(O20<=N20,1,0)) | Q20: =IFERROR(P20*D20,"")
B21: 5 | C21: Đảm bảo hoàn thành khảo sát mức độ hài lòng của khách hàng (theo chủ trương của HĐQT) | D21: 0.15 | E21: Số lần chậm trễ hoàn thành khảo sát mức độ hài lòng của khách hàng (theo chủ trương của HĐQT) thực tế | G21: TH = 0, KPI = 100% TH ≥ 1, KPI = 0% | I21: Ban HCNS, TTCNTT xác nhận | L21: Lần | N21: 0 | P21: =IF(LEN(O21)=0,"",IF(O21=N21,1,0)) | Q21: =IFERROR(P21*D21,"")
B22: 6 | C22: Thời gian xử lý đơn khiếu nại của KH (có báo cáo bằng văn bản) trung bình không quá 05 ngày làm việc kể từ ngày tiếp nhận đơn | D22: 0.15 | E22: Trung bình thời gian xử lý đơn khiếu nại của KH (có báo cáo bằng văn bản) kể từ ngày tiếp nhận đơn | G22: TH ≤ KH: KPI = KH/TH*100% TH > KH: KPI = 0% Max KPI = 120% | I22: Ban HCNS Tổng hợp báo cáo | L22: Ngày | N22: 5 | P22: =IF(LEN(O22)=0,"",IF(O22>N22,0,MIN(120%,N22/O22*100%))) | Q22: =IFERROR(P22*D22,"")
B23: 7 | C23: Hoàn thành xây dựng hệ thống lương 3P trước ngày 31/12/2026 | D23: 0.15 | E23: Thời gian hoàn thành và vận hành hệ thống BSC-KPI thực tế | G23: TH ≤ KH, KPI = 100% TH > KH, KPI = 0% | I23: Ban HCNS Tổng hợp báo cáo | L23: Ngày | N23: 46387 | P23: =IF(LEN(O23)=0,"",IF(O23<=N23,1,0)) | Q23: =IFERROR(P23*D23,"")
B24: III | C24: SỰ PHÙ HỢP VỚI GIÁ TRỊ CỐT LÕI CÔNG TY | Q24: =SUM(Q27:Q31)/5 -> #DIV/0!
C25: Nội dung | I25: Điểm giá trị cốt lõi | O25: Điểm yêu cầu | P25: Điểm đạt | Q25: Kết quả đánh giá phù hợp với giá trị cốt lõi
I26: Tối thiểu | K26: Cơ bản | L26: Đạt yêu cầu | M26: Thành thạo | N26: Xuất sắc
B27: 1 | C27: Giá trị 1 | I27: 1 | K27: 2 | L27: 3 | M27: 4 | N27: 5 | Q27: =P27/O27 -> #DIV/0!
B28: =B27+1 -> 2 | C28: Giá trị 2 | I28: 1 | K28: 2 | L28: 3 | M28: 4 | N28: 5 | Q28: =P28/O28 -> #DIV/0!
B29: 3 | C29: Giá trị 3 | I29: 1 | K29: 2 | L29: 3 | M29: 4 | N29: 5 | Q29: =P29/O29 -> #DIV/0!
B30: =B29+1 -> 4 | C30: Giá trị 4 | I30: 1 | K30: 2 | L30: 3 | M30: 4 | N30: 5 | Q30: =P30/O30 -> #DIV/0!
B31: 5 | C31: Giá trị 5 | I31: 1 | K31: 2 | L31: 3 | M31: 4 | N31: 5 | Q31: =P31/O31 -> #DIV/0!
B32: IV | C32: KẾT QUẢ CỦA QUÁ TRÌNH ĐÁNH GIÁ | Q32: =SUM(N34:N36) -> #DIV/0!
C33: Nội dung | I33: Tổng điểm | L33: Trọng số (%) | N33: Kết quả | O33: Danh hiệu
B34: 1 | C34: Điểm phần I - KPI năm Công ty và KPI năm Đơn vị | I34: =Q11 -> 0 | L34: 0.2 | N34: =I34*L34 -> 0 | O34: =IF(Q32=0,"",IF(Q32>100%,"XUẤT SẮC",IF(Q32>=90%,"TỐT",IF(Q32>=80%,"HOÀN THÀNH","KHÔNG HOÀN THÀNH")))) -> #DIV/0!
B35: =B34+1 -> 2 | C35: Điểm phần II - Mục tiêu quan trọng trong năm | I35: =Q15 -> 0 | L35: 0.7 | N35: =I35*L35 -> 0
B36: =B35+1 -> 3 | C36: Điểm phần III - Sự phù hợp Giá trị cốt lõi của Công ty | I36: =Q24 -> #DIV/0! | L36: 0.1 | N36: =I36*L36 -> #DIV/0!
B37: V | C37: NHẬN XÉT CHUNG
B38: 1 | C38: Xu hướng năng lực | I38: Đi xuống - Down | N38: Ổn định - Stable | P38: Đi lên - Up
B39: 2 | C39: Nhận xét khác | I39: - … - … - …
B42: Người được đánh giá | D42: Giám đốc đơn vị | J42: Người kiểm tra/Phê duyệt
B49: Ngày (Date) ....../....../...... | D49: Ngày (Date) ....../....../...... | J49: Ngày (Date) ....../....../......

Sheet 4.1.KPI nam.NV HCNS-Nhi
B2: Dự án: | C2: XÂY DỰNG HỆ THỐNG ĐÁNH GIÁ HIỆU QUẢ CÔNG VIỆC
B3: Yêu cầu: | C3: CÔNG TY CỔ PHẦN CẤP NƯỚC ĐÀ NẴNG
B4: Tư vấn: | C4: BrainMark Vietnam
B6: A7.11 | C6: KPI NHÂN VIÊN - NĂM 2026
B8: Họ và tên: | C8: Trương Thị Ý Nhi | E8: Chức danh: | F8: Nhân viên Hành chính nhân sự
B9: Mã nhân viên: | C9: 0576 | E9: Đơn vị: | F9: Ban HCNS
B11: I | C11: KPI CÔNG TY VÀ KPI NĂM ĐƠN VỊ | Q11: =Q13+Q14 -> 0
C12: Nội dung | I12: Trọng số (%) | L12: Kế hoạch (KH) | N12: Thực hiện (TH) | O12: Hoàn thành | P12: Ghi chú | Q12: Kết quả KPI
B13: 1 | C13: Kết quả KPI Công ty | I13: 0.4 | L13: 1 | O13: =N13/L13 -> 0 | Q13: =I13*O13 -> 0
B14: 2 | C14: Kết quả KPI Đơn vị | I14: 0.6 | L14: 1 | O14: =N14/L14 -> 0 | Q14: =I14*O14 -> 0
B15: II | C15: MỤC TIÊU QUAN TRỌNG TRONG NĂM | Q15: =SUM(Q17:Q21) -> 0
C16: Mục tiêu | D16: Trọng số (%) | E16: Tiêu chí đánh giá | G16: Phương pháp đo | I16: Nguồn chứng minh | L16: ĐVT | N16: Kế hoạch (KH) | O16: Thực hiện (TH) | P16: Hoàn thành | Q16: Kết quả KPI
B17: 1 | C17: Kiểm soát tiến độ xử lý văn bản, hồ sơ đúng hạn đạt 100% | D17: 0.2 | E17: Số lần chậm trễ tiến độ xử lý văn bản,hồ sơ theo quy định | G17: TH = 0, KPI = 100% TH ≥ 1, KPI = 0% | I17: Ban HCNS | L17: Lần | N17: 0 | P17: =IF(LEN(O17)=0,"",IF(O17=N17,1,0)) | Q17: =IFERROR(P17*D17,"")
B18: 2 | C18: Đảm bảo theo dõi, ký mới và gia hạn 100% hợp đồng lao động đúng quy định | D18: 0.2 | E18: Số lần chậm trễ việc ký mới, gia hạn hợp đồng lao động thực tế | G18: TH = 0, KPI = 100% TH ≥ 1, KPI = 0% | I18: Ban HCNS | L18: Lần | N18: 0 | P18: =IF(LEN(O18)=0,"",IF(O18=N18,1,0)) | Q18: =IFERROR(P18*D18,"")
B19: 3 | C19: Đảm bảo 80% hồ sơ (hồ sơ nhân sự) được số hoá trước 31/12/2026 | D19: 0.3 | E19: Tỷ lệ hồ sơ nhân sự được số hoá thực tế | G19: TH ≥ KH, KPI = 100% TH < KH, KPI = 0 | I19: Ban HCNS Tổng hợp báo cáo, TTCNTT xác nhận | L19: % | N19: 0.8 | P19: =IF(LEN(O19)=0,"",IF(O19>=N19,100%,0%)) | Q19: =IFERROR(P19*D19,"")
B20: 4 | C20: Hoàn thành xây dựng hệ thống lương 3P trước ngày 31/12/2026 | D20: 0.15 | E20: Thời gian hoàn thành xây dựng hệ thống lương 3P thực tế | G20: TH ≤ KH, KPI = 100% TH > KH, KPI = 0% | I20: Ban HCNS | L20: Ngày | N20: 46387 | P20: =IF(LEN(O20)=0,"",IF(O20<=N20,1,0)) | Q20: =IFERROR(P20*D20,"")
B21: 5 | C21: Hoàn thành việc xây dựng lại đơn giá tiền lương và hệ số lương của Biên đọc (nhằm nâng cao NSLĐ) HĐ lương phê duyệt trước 31/12/2026 | D21: 0.15 | E21: Thời gian hoàn thành việc xây dựng lại đơn giá tiền lương và hệ số lương của Biên đọc thực tế | G21: TH ≤ KH, KPI = 100% TH > KH, KPI = 0% | I21: Ban HCNS báo cáo, Hội đồng lương xác nhận | L21: Ngày | N21: 46387 | P21: =IF(LEN(O21)=0,"",IF(O21<=N21,1,0)) | Q21: =IFERROR(P21*D21,"")
B22: III | C22: SỰ PHÙ HỢP VỚI GIÁ TRỊ CỐT LÕI CÔNG TY | Q22: =SUM(Q25:Q29)/5 -> #DIV/0!
C23: Nội dung | I23: Điểm giá trị cốt lõi | O23: Điểm yêu cầu | P23: Điểm đạt | Q23: Kết quả đánh giá phù hợp với giá trị cốt lõi
I24: Tối thiểu | K24: Cơ bản | L24: Đạt yêu cầu | M24: Thành thạo | N24: Xuất sắc
B25: 1 | C25: Giá trị 1 | I25: 1 | K25: 2 | L25: 3 | M25: 4 | N25: 5 | Q25: =P25/O25 -> #DIV/0!
B26: =B25+1 -> 2 | C26: Giá trị 2 | I26: 1 | K26: 2 | L26: 3 | M26: 4 | N26: 5 | Q26: =P26/O26 -> #DIV/0!
B27: 3 | C27: Giá trị 3 | I27: 1 | K27: 2 | L27: 3 | M27: 4 | N27: 5 | Q27: =P27/O27 -> #DIV/0!
B28: =B27+1 -> 4 | C28: Giá trị 4 | I28: 1 | K28: 2 | L28: 3 | M28: 4 | N28: 5 | Q28: =P28/O28 -> #DIV/0!
B29: 5 | C29: Giá trị 5 | I29: 1 | K29: 2 | L29: 3 | M29: 4 | N29: 5 | Q29: =P29/O29 -> #DIV/0!
B30: IV | C30: KẾT QUẢ CỦA QUÁ TRÌNH ĐÁNH GIÁ | Q30: =SUM(N32:N34) -> #DIV/0!
C31: Nội dung | I31: Tổng điểm | L31: Trọng số (%) | N31: Kết quả | O31: Danh hiệu
B32: 1 | C32: Điểm phần I - KPI năm Công ty và KPI năm Đơn vị | I32: =Q11 -> 0 | L32: 0.2 | N32: =I32*L32 -> 0 | O32: =IF(Q30=0,"",IF(Q30>100%,"XUẤT SẮC",IF(Q30>=90%,"TỐT",IF(Q30>=80%,"HOÀN THÀNH","KHÔNG HOÀN THÀNH")))) -> #DIV/0!
B33: =B32+1 -> 2 | C33: Điểm phần II - Mục tiêu quan trọng trong năm | I33: =Q15 -> 0 | L33: 0.7 | N33: =I33*L33 -> 0
B34: =B33+1 -> 3 | C34: Điểm phần III - Sự phù hợp Giá trị cốt lõi của Công ty | I34: =Q22 -> #DIV/0! | L34: 0.1 | N34: =I34*L34 -> #DIV/0!
B35: V | C35: NHẬN XÉT CHUNG
B36: 1 | C36: Xu hướng năng lực | I36: Đi xuống - Down | N36: Ổn định - Stable | P36: Đi lên - Up
B37: 2 | C37: Nhận xét khác | I37: - … - … - …
B40: Người được đánh giá | D40: Giám đốc đơn vị | J40: Người kiểm tra/Phê duyệt
B47: Ngày (Date) ....../....../...... | D47: Ngày (Date) ....../....../...... | J47: Ngày (Date) ....../....../......

Sheet A7.6.Mục tiêu NV Năm 2026
B2: Dự án: | C2: XÂY DỰNG HỆ THỐNG ĐÁNH GIÁ HIỆU QUẢ CÔNG VIỆC
B3: Yêu cầu: | C3: CÔNG TY CỔ PHẦN CẤP NƯỚC ĐÀ NẴNG
B4: Tư vấn: | C4: BrainMark Vietnam
B6: A7.6 | C6: MỤC TIÊU NHÂN VIÊN - NĂM 2026
E8: 1 | G8: 2 | I8: 3 | K8: 4.1 | M8: 4.2 | O8: 5 | Q8: 6 | S8: 7
B9: Stt | C9: MỤC TIÊU BAN HCNS | D9: TRỌNG SỐ (%) | E9: Phó Giám đốc Ban (Hành chính - Nội quy, Hành chính - Tài sản, An ninh - ATNB) | F9: Trọng số (%) | G9: Phó Giám đốc Ban (CSKH - Lao động tiền lương) | H9: Trọng số (%) | I9: Phó Giám đốc Ban (Nhân sự - Pháp chế) | J9: Trọng số (%) | K9: Nhân viên Hành chính nhân sự (Ý Nhi) | L9: Trọng số (%) | M9: Nhân viên Hành chính nhân sự (Quỳnh Như) | N9: Trọng số (%) | O9: Nhân viên Văn thư lưu trữ | P9: Trọng số (%) | Q9: Nhân viên lái xe | R9: Trọng số (%) | S9: Nhân viên CSKH | T9: Trọng số (%)
C10: VẬN HÀNH (B) | D10: 0.4
B11: 1 | C11: Hoàn thành 95% các công việc theo phiếu giao việc, thông báo họp giao ban và thông báo khác của Ban Tổng giám đốc giao | D11: 0.2 | G11: Hoàn thành 95% các công việc theo phiếu giao việc, thông báo họp giao ban và thông báo khác của Ban Tổng giám đốc giao | H11: 0.15 | I11: Hoàn thành 95% các công việc theo phiếu giao việc, thông báo họp giao ban và thông báo khác của Ban Tổng giám đốc giao | J11: 0.15 | Q11: Đảm bảo không vi phạm Luật ATGT | R11: 0.2
B12: 2 | C12: Tỷ lệ văn bản, hồ sơ xử lý đúng hạn sau khi tiếp nhận văn bản ≥ 90%/tổng số lượng văn bản văn phòng điện tử tiếp nhận | D12: 0.2 | E12: Tỷ lệ văn bản, hồ sơ xử lý đúng hạn sau khi tiếp nhận văn bản ≥ 90%/tổng số lượng văn bản văn phòng điện tử tiếp nhận | F12: 0.15 | G12: Không quá 4 lần sai sót/chậm trễ trong việc tính lương, thực hiện chế độ chính sách cho người lao động hoặc báo cáo số liệu liên quan cho Giám đốc ban/các đơn vị | H12: 0.15 | I12: Tỷ lệ văn bản, hồ sơ xử lý đúng hạn sau khi tiếp nhận văn bản ≥ 90%/tổng số lượng văn bản văn phòng điện tử tiếp nhận | J12: 0.15 | K12: Kiểm soát tiến độ xử lý văn bản, hồ sơ đúng hạn đạt 100% | L12: 0.2 | O12: 100% hồ sơ, công văn được lưu trữ đúng quy định (nơi nhận, thời hạn…) | P12: 0.2 | Q12: Đảm bảo 100% phương tiện được bảo dưỡng, đăng kiểm, mua bảo hiểm đúng kế hoạch | R12: 0.2
B13: 3 | C13: Đảm bảo 100% công văn đi đến được xử lý đúng hạn (tại giai đoạn theo chức năng Ban HCNS) | D13: 0.2 | I13: Đảm bảo 100% công văn đi đến được xử lý đúng hạn (tại giai đoạn theo chức năng Ban HCNS) | J13: 0.1 | O13: Đảm bảo 100% công văn đi đến được xử lý đúng hạn (tại giai đoạn theo chức năng Ban HCNS) | P13: 0.2 | Q13: Đảm bảo 100% phương tiện luôn sẵn sàng phục vụ (vệ sinh, nhiên liệu, giấy tờ…) | R13: 0.25
B14: 4 | C14: Đảm bảo tuân thủ 100% chế độ chính sách quy định Luật Lao động (HĐLĐ, Chế độ nghỉ hưu, nghỉ trước tuổi, nâng lương,…) | D14: 0.15 | E14: Đảm bảo tuân thủ 100% quy định về PCCC, ATVSLĐ | F14: 0.2 | G14: Đảm bảo tuân thủ 100% chế độ chính sách quy định Luật Lao động (HĐLĐ, Chế độ nghỉ hưu, nghỉ trước tuổi, nâng lương,…) | H14: 0.15 | K14: Đảm bảo theo dõi, ký mới và gia hạn 100% hợp đồng lao động đúng quy định | L14: 0.2 | O14: Đảm bảo 100% công văn đi - đến được chuyển đến đúng đơn vị theo phê duyệt của lãnh đạo | P14: 0.2 | Q14: Chi phí nhiên liệu sử dụng không vượt định mức được duyệt | R14: 0.15
B15: 5 | C15: Đảm bảo trình HĐQT phê duyệt kế hoạch lao động tiền lương và quyết toán tiền lương năm trước trước 31/3/2026 | D15: 0.25 | G15: Đảm bảo trình HĐQT phê duyệt kế hoạch lao động tiền lương và quyết toán tiền lương năm trước trước 31/3/2026 | H15: 0.15 | M15: Đảm bảo trình HĐQT phê duyệt kế hoạch lao động tiền lương và quyết toán tiền lương năm trước trước 31/3/2026 | N15: 0.2 | Q15: 100% chuyến đi được ghi chép đầy đủ trong nhật ký hành trình | R15: 0.2
C16: TÀI CHÍNH (F) | D16: 0.25
B17: 1 | C17: Chi phí Văn phòng phẩm (bộ phận văn phòng công ty) giảm 2% so với năm trước | D17: 0.4 | I17: Hoàn thành sửa đổi, bổ sung các văn bản của công ty và HĐQT giao: Điều lệ, Quy chế hoạt động của HĐQT,… trước 31/12/2026 | J17: 0.2 | M17: Chi phí Văn phòng phẩm (bộ phận văn phòng công ty) giảm 2% so với năm trước | N17: 0.25 | O17: Chi phí Văn phòng phẩm (bộ phận văn phòng công ty) giảm 2% so với cùng kỳ | P17: 0.3
B18: 2 | C18: Kinh phí Đào tạo không vượt quá kế hoạch được duyệt trong năm | D18: 0.4 | M18: Kinh phí Đào tạo không vượt quá kế hoạch được duyệt trong năm | N18: 0.2
B19: 3 | C19: Sản lượng điện tiêu thụ văn phòng cty năm 2026 không tăng so với năm 2025 | D19: 0.2 | E19: Sản lượng điện tiêu thụ văn phòng cty năm 2026 không tăng so với năm 2025 | F19: 0.15 | O19: Sản lượng điện tiêu thụ văn phòng cty năm 2026 không tăng so với năm 2025 | P19: 0.1
C20: KHÁCH HÀNG (C) | D20: 0.15
B21: 1 | C21: Không quá 4 lần phàn nàn của khách hàng về thái độ tiếp xúc, chăm sóc khách hàng của Bộ phận Call Center | D21: 0.25 | G21: Không quá 4 lần phàn nàn của khách hàng về thái độ tiếp xúc, chăm sóc khách hàng của Bộ phận Call Center | H21: 0.1 | S21: Không quá 4 lần phàn nàn của khách hàng về thái độ tiếp xúc, chăm sóc khách hàng của Bộ phận Call Center | T21: 0.25
B22: 2 | C22: Đảm bảo hoàn thành khảo sát mức độ hài lòng của khách hàng (theo chủ trương của HĐQT) | D22: 0.15 | I22: Đảm bảo hoàn thành khảo sát mức độ hài lòng của khách hàng (theo chủ trương của HĐQT) | J22: 0.15 | S22: Đảm bảo hoàn thành khảo sát mức độ hài lòng của khách hàng (theo chủ trương của HĐQT) | T22: 0.2
B23: 3 | C23: Thời gian xử lý đơn khiếu nại của KH (có báo cáo bằng văn bản) trung bình không quá 05 ngày làm việc kể từ ngày tiếp nhận đơn | D23: 0.2 | I23: Thời gian xử lý đơn khiếu nại của KH (có báo cáo bằng văn bản) trung bình không quá 05 ngày làm việc kể từ ngày tiếp nhận đơn | J23: 0.1 | S23: Không có trường hợp chậm trễ trong việc tiếp nhận và chuyển tiếp thông tin khiếu nại | T23: 0.2
B24: 4 | C24: Tỷ lệ phản ánh về chất lượng dịch vụ giảm 5% so với tổng phản ánh năm trước | D24: 0.15 | S24: Tỷ lệ phản ánh về chất lượng dịch vụ giảm 5% so với tổng phản ánh năm trước | T24: 0.15
B25: 5 | C25: Đảm bảo 80% hồ sơ (hồ sơ nhân sự) được số hoá trước 31/12/2026 | D25: 0.25 | K25: Đảm bảo 80% hồ sơ (hồ sơ nhân sự) được số hoá trước 31/12/2026 | L25: 0.3 | S25: Không có trường hợp KH phàn nàn vì cuộc gọi nhỡ do yếu tố chủ quan | T25: 0.2
C26: PHÁT TRIỂN (L) | D26: 0.2
B27: 1 | C27: Hoàn thành xây dựng hệ thống lương 3P trước ngày 31/12/2026 | D27: 0.4 | E27: Hoàn thành báo cáo kiểm tra tuân thủ nội quy lao động trước ngày 02 hàng tháng | F27: 0.2 | G27: Hoàn thành xây dựng hệ thống lương 3P trước ngày 31/12/2026 | H27: 0.15 | I27: Hoàn thành xây dựng hệ thống lương 3P trước ngày 31/12/2026 | J27: 0.15 | K27: Hoàn thành xây dựng hệ thống lương 3P trước ngày 31/12/2026 | L27: 0.15 | M27: Hoàn thành xây dựng hệ thống lương 3P trước ngày 31/12/2026 | N27: 0.2
B28: 2 | C28: Hoàn thành việc xây dựng lại đơn giá tiền lương và hệ số lương của Biên đọc (nhằm nâng cao NSLĐ) HĐ lương phê duyệt trước 31/12/2026 | D28: 0.15 | G28: Hoàn thành việc xây dựng lại đơn giá tiền lương và hệ số lương của Biên đọc (nhằm nâng cao NSLĐ) HĐ lương phê duyệt trước 31/12/2026 | H28: 0.15 | K28: Hoàn thành việc xây dựng lại đơn giá tiền lương và hệ số lương của Biên đọc (nhằm nâng cao NSLĐ) HĐ lương phê duyệt trước 31/12/2026 | L28: 0.15
B29: 3 | C29: Tổ chức 03 khóa đào tạo | D29: 0.2 | E29: Tổ chức 01 khóa đào tạo | F29: 0.1 | M29: Tổ chức 02 khóa đào tạo | N29: 0.15
B30: 4 | C30: Ứng dụng AI trong việc lập Kết luận giao ban hàng tháng | D30: 0.25 | E30: Ứng dụng AI trong việc lập Kết luận giao ban hàng tháng | F30: 0.2
C31: TOTAL | D31: =D10+D16+D20+D26 -> 1 | F31: =SUM(F11:F30) -> 1 | H31: =SUM(H11:H30) -> 1 | J31: =SUM(J11:J30) -> 1 | L31: =SUM(L11:L30) -> 1 | N31: =SUM(N11:N30) -> 1 | P31: =SUM(P11:P30) -> 1 | R31: =SUM(R11:R30) -> 1 | T31: =SUM(T11:T30) -> 1
A33: Người lập (Prepared by) | D33: Xem xét (Checked by) | O33: Phê duyệt (Approved by)
B40: Ngày (Date) ....../....../...... | D40: Ngày (Date) ....../....../...... | O40: Ngày (Date) ....../....../......

Sheet 4.2.KPI nam.NV HCNS-Nhu
B2: Dự án: | C2: XÂY DỰNG HỆ THỐNG ĐÁNH GIÁ HIỆU QUẢ CÔNG VIỆC
B3: Yêu cầu: | C3: CÔNG TY CỔ PHẦN CẤP NƯỚC ĐÀ NẴNG
B4: Tư vấn: | C4: BrainMark Vietnam
B6: A7.11 | C6: KPI NHÂN VIÊN - NĂM 2026
B8: Họ và tên: | C8: Nguyễn Thị Quỳnh Như | E8: Chức danh: | F8: Nhân viên Hành chính nhân sự
B9: Mã nhân viên: | C9: 0564 | E9: Đơn vị: | F9: Ban HCNS
B11: I | C11: KPI CÔNG TY VÀ KPI NĂM ĐƠN VỊ | Q11: =Q13+Q14 -> 0
C12: Nội dung | I12: Trọng số (%) | L12: Kế hoạch (KH) | N12: Thực hiện (TH) | O12: Hoàn thành | P12: Ghi chú | Q12: Kết quả KPI
B13: 1 | C13: Kết quả KPI Công ty | I13: 0.4 | L13: 1 | O13: =N13/L13 -> 0 | Q13: =I13*O13 -> 0
B14: 2 | C14: Kết quả KPI Đơn vị | I14: 0.6 | L14: 1 | O14: =N14/L14 -> 0 | Q14: =I14*O14 -> 0
B15: II | C15: MỤC TIÊU QUAN TRỌNG TRONG NĂM | Q15: =SUM(Q17:Q21) -> 0
C16: Mục tiêu | D16: Trọng số (%) | E16: Tiêu chí đánh giá | G16: Phương pháp đo | I16: Nguồn chứng minh | L16: ĐVT | N16: Kế hoạch (KH) | O16: Thực hiện (TH) | P16: Hoàn thành | Q16: Kết quả KPI
B17: 1 | C17: Đảm bảo trình HĐQT phê duyệt kế hoạch lao động tiền lương và quyết toán tiền lương năm trước trước 31/3/2026 | D17: 0.2 | E17: Thời gian trình phê duyệt kế hoạch lao động tiền lương và quyết toán tiền lương năm trước thực tế | G17: TH ≤ KH, KPI = 100% TH > KH, KPI = 0% | I17: Ban HCNS | L17: Ngày | N17: 46112 | P17: =IF(LEN(O17)=0,"",IF(O17<=N17,1,0)) | Q17: =IFERROR(P17*D17,"")
B18: 2 | C18: Chi phí Văn phòng phẩm (bộ phận văn phòng công ty) giảm 2% so với năm trước | D18: 0.25 | E18: Tỷ lệ chi phí Văn phòng phẩm (bộ phận văn phòng Công ty) giảm thực tế so với năm 2025 | G18: TH ≥ KH: KPI = TH/KH*100% TH < KH: KPI = 0% Max KPI = 120% | I18: Ban HCNS báo cáo, Ban TCKT xác nhận | L18: % | N18: 0.02 | P18: =IF(LEN(O18)=0,"",IF(O18<N18,0,MIN(120%,O18/N18*100%)))
B19: 3 | C19: Kinh phí Đào tạo không vượt quá kế hoạch được duyệt trong năm | D19: 0.2 | E19: Tỷ lệ kinh phí đào tạo so với kế hoạch đào tạo được duyệt trong năm thực tế | G19: TH <= KH: KPI = 100% TH > KH: KPI =0% | I19: Ban HCNS Tổng hợp báo cáo | L19: % | N19: 1 | P19: =IF(LEN(O19)=0,"",IF(O19<=N19,1,0))
B20: 4 | C20: Hoàn thành xây dựng hệ thống lương 3P trước ngày 31/12/2026 | D20: 0.2 | E20: Thời gian hoàn thành và vận hành hệ thống BSC-KPI thực tế | G20: TH ≤ KH, KPI = 100% TH > KH, KPI = 0% | I20: Ban HCNS | L20: Ngày | N20: 46387 | P20: =IF(LEN(O20)=0,"",IF(O20<=N20,1,0)) | Q20: =IFERROR(P20*D20,"")
B21: 5 | C21: Tổ chức 02 khóa đào tạo | D21: 0.15 | E21: Số khoá đào tạo tổ chức thực tế | G21: TH ≥ KH, KPI = 100% TH < KH, KPI = 0 | I21: Báo cáo của Ban Nhân sự | L21: Khoá đào tạo | N21: 2 | P21: =IF(LEN(O21)=0,"",IF(O21>=N21,100%,0%)) | Q21: =IFERROR(P21*D21,"")
B22: III | C22: SỰ PHÙ HỢP VỚI GIÁ TRỊ CỐT LÕI CÔNG TY | Q22: =SUM(Q25:Q29)/5 -> #DIV/0!
C23: Nội dung | I23: Điểm giá trị cốt lõi | O23: Điểm yêu cầu | P23: Điểm đạt | Q23: Kết quả đánh giá phù hợp với giá trị cốt lõi
I24: Tối thiểu | K24: Cơ bản | L24: Đạt yêu cầu | M24: Thành thạo | N24: Xuất sắc
B25: 1 | C25: Giá trị 1 | I25: 1 | K25: 2 | L25: 3 | M25: 4 | N25: 5 | Q25: =P25/O25 -> #DIV/0!
B26: =B25+1 -> 2 | C26: Giá trị 2 | I26: 1 | K26: 2 | L26: 3 | M26: 4 | N26: 5 | Q26: =P26/O26 -> #DIV/0!
B27: 3 | C27: Giá trị 3 | I27: 1 | K27: 2 | L27: 3 | M27: 4 | N27: 5 | Q27: =P27/O27 -> #DIV/0!
B28: =B27+1 -> 4 | C28: Giá trị 4 | I28: 1 | K28: 2 | L28: 3 | M28: 4 | N28: 5 | Q28: =P28/O28 -> #DIV/0!
B29: 5 | C29: Giá trị 5 | I29: 1 | K29: 2 | L29: 3 | M29: 4 | N29: 5 | Q29: =P29/O29 -> #DIV/0!
B30: IV | C30: KẾT QUẢ CỦA QUÁ TRÌNH ĐÁNH GIÁ | Q30: =SUM(N32:N34) -> #DIV/0!
C31: Nội dung | I31: Tổng điểm | L31: Trọng số (%) | N31: Kết quả | O31: Danh hiệu
B32: 1 | C32: Điểm phần I - KPI năm Công ty và KPI năm Đơn vị | I32: =Q11 -> 0 | L32: 0.2 | N32: =I32*L32 -> 0 | O32: =IF(Q30=0,"",IF(Q30>100%,"XUẤT SẮC",IF(Q30>=90%,"TỐT",IF(Q30>=80%,"HOÀN THÀNH","KHÔNG HOÀN THÀNH")))) -> #DIV/0!
B33: =B32+1 -> 2 | C33: Điểm phần II - Mục tiêu quan trọng trong năm | I33: =Q15 -> 0 | L33: 0.7 | N33: =I33*L33 -> 0
B34: =B33+1 -> 3 | C34: Điểm phần III - Sự phù hợp Giá trị cốt lõi của Công ty | I34: =Q22 -> #DIV/0! | L34: 0.1 | N34: =I34*L34 -> #DIV/0!
B35: V | C35: NHẬN XÉT CHUNG
B36: 1 | C36: Xu hướng năng lực | I36: Đi xuống - Down | N36: Ổn định - Stable | P36: Đi lên - Up
B37: 2 | C37: Nhận xét khác | I37: - … - … - …
B40: Người được đánh giá | D40: Giám đốc đơn vị | J40: Người kiểm tra/Phê duyệt
B47: Ngày (Date) ....../....../...... | D47: Ngày (Date) ....../....../...... | J47: Ngày (Date) ....../....../......

Sheet 5.KPI nam.NV VTLT
B2: Dự án: | C2: XÂY DỰNG HỆ THỐNG ĐÁNH GIÁ HIỆU QUẢ CÔNG VIỆC
B3: Yêu cầu: | C3: CÔNG TY CỔ PHẦN CẤP NƯỚC ĐÀ NẴNG
B4: Tư vấn: | C4: BrainMark Vietnam
B6: A7.11 | C6: KPI NHÂN VIÊN - NĂM 2026
B8: Họ và tên: | C8: Huỳnh Thị Hoài Trang | E8: Chức danh: | F8: Nhân viên Văn thư lưu trữ
B9: Mã nhân viên: | C9: 0035 | E9: Đơn vị: | F9: Ban HCNS
B11: I | C11: KPI CÔNG TY VÀ KPI NĂM ĐƠN VỊ | Q11: =Q13+Q14 -> 0
C12: Nội dung | I12: Trọng số (%) | L12: Kế hoạch (KH) | N12: Thực hiện (TH) | O12: Hoàn thành | P12: Ghi chú | Q12: Kết quả KPI
B13: 1 | C13: Kết quả KPI Công ty | I13: 0.4 | L13: 1 | O13: =N13/L13 -> 0 | Q13: =I13*O13 -> 0
B14: 2 | C14: Kết quả KPI Đơn vị | I14: 0.6 | L14: 1 | O14: =N14/L14 -> 0 | Q14: =I14*O14 -> 0
B15: II | C15: MỤC TIÊU QUAN TRỌNG TRONG NĂM | Q15: =SUM(Q17:Q20) -> 0
C16: Mục tiêu | D16: Trọng số (%) | E16: Tiêu chí đánh giá | G16: Phương pháp đo | I16: Nguồn chứng minh | L16: ĐVT | N16: Kế hoạch (KH) | O16: Thực hiện (TH) | P16: Hoàn thành | Q16: Kết quả KPI
B17: 1 | C17: 100% hồ sơ, công văn được lưu trữ đúng quy định (nơi nhận, thời hạn…) | D17: 0.2 | E17: Số lần sai sót trong lưu trữ hồ sơ, công văn theo quy định thực tế | G17: TH = 0, KPI = 100% TH ≥ 1, KPI = 0% | I17: Ban HCNS | L17: Lần | N17: 0 | P17: =IF(LEN(O17)=0,"",IF(O17=N17,1,0)) | Q17: =IFERROR(P17*D17,"")
B18: 2 | C18: Đảm bảo 100% công văn đi đến được xử lý đúng hạn (tại giai đoạn theo chức năng Ban HCNS) | D18: 0.2 | E18: Số lần chậm trễ xử lý công văn đi đến theo quy định thực tế | G18: TH = 0, KPI = 100% TH ≥ 1, KPI = 0% | I18: Ban HCNS | L18: Lần | N18: 0 | P18: =IF(LEN(O18)=0,"",IF(O18=N18,1,0)) | Q18: =IFERROR(P18*D18,"")
B19: 3 | C19: Đảm bảo 100% công văn đi - đến được chuyển đến đúng đơn vị theo phê duyệt của lãnh đạo | D19: 0.2 | E19: Số lần công văn đi - đến được chuyển sai đơn vị theo phê duyệt của lãnh đạo thực tế | G19: TH = 0, KPI = 100% TH ≥ 1, KPI = 0% | I19: Ban HCNS | L19: Lần | N19: 0 | P19: =IF(LEN(O19)=0,"",IF(O19=N19,1,0)) | Q19: =IFERROR(P19*D19,"")
B20: 4 | C20: Chi phí Văn phòng phẩm (bộ phận văn phòng công ty) giảm 2% so với cùng kỳ | D20: 0.3 | E20: Tỷ lệ chi phí Văn phòng phẩm (bộ phận văn phòng Công ty) giảm thực tế so với năm 2024 | G20: TH ≥ KH: KPI = TH/KH*100% TH < KH: KPI = 0% Max KPI = 120% | I20: Ban HCNS báo cáo, Ban TCKT xác nhận | L20: % | N20: 0.02 | P20: =IF(LEN(O20)=0,"",IF(O20<N20,0,MIN(120%,O20/N20*100%))) | Q20: =IFERROR(P20*D20,"")
B21: 5 | C21: Sản lượng điện tiêu thụ thụ văn phòng cty năm 2026 không tăng so với năm 2025 | D21: 0.1 | E21: Sản lượng điện tiêu thụ 2026 (VPCT) thực tế so với năm 2025 | G21: TH ≥ KH: KPI = TH/KH*100% TH < KH: KPI = TH/KH*100% Max KPI = 120% | I21: Báo cáo của Ban HCNS, Ban TCKT xác nhận | L21: kWh | N21: Số liệu 2025 | P21: =IF(LEN(O21)=0,"",IF(O21>N21,0,MIN(120%,N21/O21*100%))) | Q21: =IFERROR(P21*D21,"")
B22: III | C22: SỰ PHÙ HỢP VỚI GIÁ TRỊ CỐT LÕI CÔNG TY | Q22: =SUM(Q25:Q29)/5 -> #DIV/0!
C23: Nội dung | I23: Điểm giá trị cốt lõi | O23: Điểm yêu cầu | P23: Điểm đạt | Q23: Kết quả đánh giá phù hợp với giá trị cốt lõi
I24: Tối thiểu | K24: Cơ bản | L24: Đạt yêu cầu | M24: Thành thạo | N24: Xuất sắc
B25: 1 | C25: Giá trị 1 | I25: 1 | K25: 2 | L25: 3 | M25: 4 | N25: 5 | Q25: =P25/O25 -> #DIV/0!
B26: =B25+1 -> 2 | C26: Giá trị 2 | I26: 1 | K26: 2 | L26: 3 | M26: 4 | N26: 5 | Q26: =P26/O26 -> #DIV/0!
B27: 3 | C27: Giá trị 3 | I27: 1 | K27: 2 | L27: 3 | M27: 4 | N27: 5 | Q27: =P27/O27 -> #DIV/0!
B28: =B27+1 -> 4 | C28: Giá trị 4 | I28: 1 | K28: 2 | L28: 3 | M28: 4 | N28: 5 | Q28: =P28/O28 -> #DIV/0!
B29: 5 | C29: Giá trị 5 | I29: 1 | K29: 2 | L29: 3 | M29: 4 | N29: 5 | Q29: =P29/O29 -> #DIV/0!
B30: IV | C30: KẾT QUẢ CỦA QUÁ TRÌNH ĐÁNH GIÁ | Q30: =SUM(N32:N34) -> #DIV/0!
C31: Nội dung | I31: Tổng điểm | L31: Trọng số (%) | N31: Kết quả | O31: Danh hiệu
B32: 1 | C32: Điểm phần I - KPI năm Công ty và KPI năm Đơn vị | I32: =Q11 -> 0 | L32: 0.2 | N32: =I32*L32 -> 0 | O32: =IF(Q30=0,"",IF(Q30>100%,"XUẤT SẮC",IF(Q30>=90%,"TỐT",IF(Q30>=80%,"HOÀN THÀNH","KHÔNG HOÀN THÀNH")))) -> #DIV/0!
B33: =B32+1 -> 2 | C33: Điểm phần II - Mục tiêu quan trọng trong năm | I33: =Q15 -> 0 | L33: 0.7 | N33: =I33*L33 -> 0
B34: =B33+1 -> 3 | C34: Điểm phần III - Sự phù hợp Giá trị cốt lõi của Công ty | I34: =Q22 -> #DIV/0! | L34: 0.1 | N34: =I34*L34 -> #DIV/0!
B35: V | C35: NHẬN XÉT CHUNG
B36: 1 | C36: Xu hướng năng lực | I36: Đi xuống - Down | N36: Ổn định - Stable | P36: Đi lên - Up
B37: 2 | C37: Nhận xét khác | I37: - … - … - …
B40: Người được đánh giá | D40: Giám đốc đơn vị | J40: Người kiểm tra/Phê duyệt
B47: Ngày (Date) ....../....../...... | D47: Ngày (Date) ....../....../...... | J47: Ngày (Date) ....../....../......

Sheet 6.KPI nam.Lai xe (2)
B2: Dự án: | C2: XÂY DỰNG HỆ THỐNG ĐÁNH GIÁ HIỆU QUẢ CÔNG VIỆC
B3: Yêu cầu: | C3: CÔNG TY CỔ PHẦN CẤP NƯỚC ĐÀ NẴNG
B4: Tư vấn: | C4: BrainMark Vietnam
B6: A7.11 | C6: KPI NHÂN VIÊN - NĂM 2026
B8: Họ và tên: | C8: Hồ Minh Khiêm | E8: Chức danh: | F8: Lái xe
B9: Mã nhân viên: | C9: 0039 | E9: Đơn vị: | F9: Ban HCNS
B11: I | C11: KPI CÔNG TY VÀ KPI NĂM ĐƠN VỊ | Q11: =Q13+Q14 -> 0
C12: Nội dung | I12: Trọng số (%) | L12: Kế hoạch (KH) | N12: Thực hiện (TH) | O12: Hoàn thành | P12: Ghi chú | Q12: Kết quả KPI
B13: 1 | C13: Kết quả KPI Công ty | I13: 0.4 | L13: 1 | O13: =N13/L13 -> 0 | Q13: =I13*O13 -> 0
B14: 2 | C14: Kết quả KPI Đơn vị | I14: 0.6 | L14: 1 | O14: =N14/L14 -> 0 | Q14: =I14*O14 -> 0
B15: II | C15: MỤC TIÊU QUAN TRỌNG TRONG NĂM | Q15: =SUM(Q17:Q21) -> 0
C16: Mục tiêu | D16: Trọng số (%) | E16: Tiêu chí đánh giá | G16: Phương pháp đo | I16: Nguồn chứng minh | L16: ĐVT | N16: Kế hoạch (KH) | O16: Thực hiện (TH) | P16: Hoàn thành | Q16: Kết quả KPI
B17: 1 | C17: Đảm bảo không vi phạm Luật ATGT | D17: 0.2 | E17: Số lần vi phạm Luật ATGT thực tế | G17: TH = 0, KPI = 100% TH ≥ 1, KPI = 0% | I17: Ban HCNS | L17: Lần | N17: 0 | P17: =IF(LEN(O17)=0,"",IF(O17=N17,1,0)) | Q17: =IFERROR(P17*D17,"")
B18: 2 | C18: Đảm bảo 100% phương tiện được bảo dưỡng, đăng kiểm, mua bảo hiểm đúng kế hoạch | D18: 0.2 | E18: Tỷ lệ phương tiện được bảo dưỡng, đăng kiểm, mua bảo hiểm đúng kế hoạch thực tế | G18: TH ≥ KH, KPI = 100% TH < KH, KPI = 0 | I18: Ban HCNS | L18: % | N18: 1 | P18: =IF(LEN(O18)=0,"",IF(O18>=N18,100%,0%)) | Q18: =IFERROR(P18*D18,"")
B19: 3 | C19: Đảm bảo 100% phương tiện luôn sẵn sàng phục vụ (vệ sinh, nhiên liệu, giấy tờ…) | D19: 0.25 | E19: Số lần phương tiện chưa sẵn sàng phục vụ khi có yêu cầu thực tế | G19: TH = 0, KPI = 100% TH ≥ 1, KPI = 0% | I19: Ban HCNS | L19: Lần | N19: 0 | P19: =IF(LEN(O19)=0,"",IF(O19=N19,1,0)) | Q19: =IFERROR(P19*D19,"")
B20: 4 | C20: Chi phí nhiên liệu sử dụng không vượt định mức được duyệt | D20: 0.15 | E20: Tỷ lệ chi phí nhiên liệu sử dụng so với định mức được duyệt thực tế | G20: TH <= KH: KPI = 100% TH > KH: KPI =0% | I20: Ban HCNS báo cáo, Ban Kỹ thuật xác nhận | L20: % | N20: 1 | P20: =IF(LEN(O20)=0,"",IF(O20<=N20,1,0)) | Q20: =IFERROR(P20*D20,"")
B21: 5 | C21: 100% chuyến đi được ghi chép đầy đủ trong nhật ký hành trình | D21: 0.2 | E21: Số lần thiếu sót chi chép nhật ký hành trình | G21: TH = 0, KPI = 100% TH ≥ 1, KPI = 0% | I21: Ban HCNS | L21: Lần | N21: 0 | P21: =IF(LEN(O21)=0,"",IF(O21=N21,1,0)) | Q21: =IFERROR(P21*D21,"")
B22: III | C22: SỰ PHÙ HỢP VỚI GIÁ TRỊ CỐT LÕI CÔNG TY | Q22: =SUM(Q25:Q29)/5 -> #DIV/0!
C23: Nội dung | I23: Điểm giá trị cốt lõi | O23: Điểm yêu cầu | P23: Điểm đạt | Q23: Kết quả đánh giá phù hợp với giá trị cốt lõi
I24: Tối thiểu | K24: Cơ bản | L24: Đạt yêu cầu | M24: Thành thạo | N24: Xuất sắc
B25: 1 | C25: Giá trị 1 | I25: 1 | K25: 2 | L25: 3 | M25: 4 | N25: 5 | Q25: =P25/O25 -> #DIV/0!
B26: =B25+1 -> 2 | C26: Giá trị 2 | I26: 1 | K26: 2 | L26: 3 | M26: 4 | N26: 5 | Q26: =P26/O26 -> #DIV/0!
B27: 3 | C27: Giá trị 3 | I27: 1 | K27: 2 | L27: 3 | M27: 4 | N27: 5 | Q27: =P27/O27 -> #DIV/0!
B28: =B27+1 -> 4 | C28: Giá trị 4 | I28: 1 | K28: 2 | L28: 3 | M28: 4 | N28: 5 | Q28: =P28/O28 -> #DIV/0!
B29: 5 | C29: Giá trị 5 | I29: 1 | K29: 2 | L29: 3 | M29: 4 | N29: 5 | Q29: =P29/O29 -> #DIV/0!
B30: IV | C30: KẾT QUẢ CỦA QUÁ TRÌNH ĐÁNH GIÁ | Q30: =SUM(N32:N34) -> #DIV/0!
C31: Nội dung | I31: Tổng điểm | L31: Trọng số (%) | N31: Kết quả | O31: Danh hiệu
B32: 1 | C32: Điểm phần I - KPI năm Công ty và KPI năm Đơn vị | I32: =Q11 -> 0 | L32: 0.2 | N32: =I32*L32 -> 0 | O32: =IF(Q30=0,"",IF(Q30>100%,"XUẤT SẮC",IF(Q30>=90%,"TỐT",IF(Q30>=80%,"HOÀN THÀNH","KHÔNG HOÀN THÀNH")))) -> #DIV/0!
B33: =B32+1 -> 2 | C33: Điểm phần II - Mục tiêu quan trọng trong năm | I33: =Q15 -> 0 | L33: 0.7 | N33: =I33*L33 -> 0
B34: =B33+1 -> 3 | C34: Điểm phần III - Sự phù hợp Giá trị cốt lõi của Công ty | I34: =Q22 -> #DIV/0! | L34: 0.1 | N34: =I34*L34 -> #DIV/0!
B35: V | C35: NHẬN XÉT CHUNG
B36: 1 | C36: Xu hướng năng lực | I36: Đi xuống - Down | N36: Ổn định - Stable | P36: Đi lên - Up
B37: 2 | C37: Nhận xét khác | I37: - … - … - …
B40: Người được đánh giá | D40: Giám đốc đơn vị | J40: Người kiểm tra/Phê duyệt
B47: Ngày (Date) ....../....../...... | D47: Ngày (Date) ....../....../...... | J47: Ngày (Date) ....../....../......

Sheet 6.KPI nam.Lai xe (1)
B2: Dự án: | C2: XÂY DỰNG HỆ THỐNG ĐÁNH GIÁ HIỆU QUẢ CÔNG VIỆC
B3: Yêu cầu: | C3: CÔNG TY CỔ PHẦN CẤP NƯỚC ĐÀ NẴNG
B4: Tư vấn: | C4: BrainMark Vietnam
B6: A7.11 | C6: KPI NHÂN VIÊN - NĂM 2026
B8: Họ và tên: | C8: Nguyễn Nam Long | E8: Chức danh: | F8: Lái xe
B9: Mã nhân viên: | C9: 0281 | E9: Đơn vị: | F9: Ban HCNS
B11: I | C11: KPI CÔNG TY VÀ KPI NĂM ĐƠN VỊ | Q11: =Q13+Q14 -> 0
C12: Nội dung | I12: Trọng số (%) | L12: Kế hoạch (KH) | N12: Thực hiện (TH) | O12: Hoàn thành | P12: Ghi chú | Q12: Kết quả KPI
B13: 1 | C13: Kết quả KPI Công ty | I13: 0.4 | L13: 1 | O13: =N13/L13 -> 0 | Q13: =I13*O13 -> 0
B14: 2 | C14: Kết quả KPI Đơn vị | I14: 0.6 | L14: 1 | O14: =N14/L14 -> 0 | Q14: =I14*O14 -> 0
B15: II | C15: MỤC TIÊU QUAN TRỌNG TRONG NĂM | Q15: =SUM(Q17:Q21) -> 0
C16: Mục tiêu | D16: Trọng số (%) | E16: Tiêu chí đánh giá | G16: Phương pháp đo | I16: Nguồn chứng minh | L16: ĐVT | N16: Kế hoạch (KH) | O16: Thực hiện (TH) | P16: Hoàn thành | Q16: Kết quả KPI
B17: 1 | C17: Đảm bảo không vi phạm Luật ATGT | D17: 0.2 | E17: Số lần vi phạm Luật ATGT thực tế | G17: TH = 0, KPI = 100% TH ≥ 1, KPI = 0% | I17: Ban HCNS | L17: Lần | N17: 0 | P17: =IF(LEN(O17)=0,"",IF(O17=N17,1,0)) | Q17: =IFERROR(P17*D17,"")
B18: 2 | C18: Đảm bảo 100% phương tiện được bảo dưỡng, đăng kiểm, mua bảo hiểm đúng kế hoạch | D18: 0.2 | E18: Tỷ lệ phương tiện được bảo dưỡng, đăng kiểm, mua bảo hiểm đúng kế hoạch thực tế | G18: TH ≥ KH, KPI = 100% TH < KH, KPI = 0 | I18: Ban HCNS | L18: % | N18: 1 | P18: =IF(LEN(O18)=0,"",IF(O18>=N18,100%,0%)) | Q18: =IFERROR(P18*D18,"")
B19: 3 | C19: Đảm bảo 100% phương tiện luôn sẵn sàng phục vụ (vệ sinh, nhiên liệu, giấy tờ…) | D19: 0.25 | E19: Số lần phương tiện chưa sẵn sàng phục vụ khi có yêu cầu thực tế | G19: TH = 0, KPI = 100% TH ≥ 1, KPI = 0% | I19: Ban HCNS | L19: Lần | N19: 0 | P19: =IF(LEN(O19)=0,"",IF(O19=N19,1,0)) | Q19: =IFERROR(P19*D19,"")
B20: 4 | C20: Chi phí nhiên liệu sử dụng không vượt định mức được duyệt | D20: 0.15 | E20: Tỷ lệ chi phí nhiên liệu sử dụng so với định mức được duyệt thực tế | G20: TH <= KH: KPI = 100% TH > KH: KPI =0% | I20: Ban HCNS báo cáo, Ban Kỹ thuật xác nhận | L20: % | N20: 1 | P20: =IF(LEN(O20)=0,"",IF(O20<=N20,1,0)) | Q20: =IFERROR(P20*D20,"")
B21: 5 | C21: 100% chuyến đi được ghi chép đầy đủ trong nhật ký hành trình | D21: 0.2 | E21: Số lần thiếu sót chi chép nhật ký hành trình | G21: TH = 0, KPI = 100% TH ≥ 1, KPI = 0% | I21: Ban HCNS | L21: Lần | N21: 0 | P21: =IF(LEN(O21)=0,"",IF(O21=N21,1,0)) | Q21: =IFERROR(P21*D21,"")
B22: III | C22: SỰ PHÙ HỢP VỚI GIÁ TRỊ CỐT LÕI CÔNG TY | Q22: =SUM(Q25:Q29)/5 -> #DIV/0!
C23: Nội dung | I23: Điểm giá trị cốt lõi | O23: Điểm yêu cầu | P23: Điểm đạt | Q23: Kết quả đánh giá phù hợp với giá trị cốt lõi
I24: Tối thiểu | K24: Cơ bản | L24: Đạt yêu cầu | M24: Thành thạo | N24: Xuất sắc
B25: 1 | C25: Giá trị 1 | I25: 1 | K25: 2 | L25: 3 | M25: 4 | N25: 5 | Q25: =P25/O25 -> #DIV/0!
B26: =B25+1 -> 2 | C26: Giá trị 2 | I26: 1 | K26: 2 | L26: 3 | M26: 4 | N26: 5 | Q26: =P26/O26 -> #DIV/0!
B27: 3 | C27: Giá trị 3 | I27: 1 | K27: 2 | L27: 3 | M27: 4 | N27: 5 | Q27: =P27/O27 -> #DIV/0!
B28: =B27+1 -> 4 | C28: Giá trị 4 | I28: 1 | K28: 2 | L28: 3 | M28: 4 | N28: 5 | Q28: =P28/O28 -> #DIV/0!
B29: 5 | C29: Giá trị 5 | I29: 1 | K29: 2 | L29: 3 | M29: 4 | N29: 5 | Q29: =P29/O29 -> #DIV/0!
B30: IV | C30: KẾT QUẢ CỦA QUÁ TRÌNH ĐÁNH GIÁ | Q30: =SUM(N32:N34) -> #DIV/0!
C31: Nội dung | I31: Tổng điểm | L31: Trọng số (%) | N31: Kết quả | O31: Danh hiệu
B32: 1 | C32: Điểm phần I - KPI năm Công ty và KPI năm Đơn vị | I32: =Q11 -> 0 | L32: 0.2 | N32: =I32*L32 -> 0 | O32: =IF(Q30=0,"",IF(Q30>100%,"XUẤT SẮC",IF(Q30>=90%,"TỐT",IF(Q30>=80%,"HOÀN THÀNH","KHÔNG HOÀN THÀNH")))) -> #DIV/0!
B33: =B32+1 -> 2 | C33: Điểm phần II - Mục tiêu quan trọng trong năm | I33: =Q15 -> 0 | L33: 0.7 | N33: =I33*L33 -> 0
B34: =B33+1 -> 3 | C34: Điểm phần III - Sự phù hợp Giá trị cốt lõi của Công ty | I34: =Q22 -> #DIV/0! | L34: 0.1 | N34: =I34*L34 -> #DIV/0!
B35: V | C35: NHẬN XÉT CHUNG
B36: 1 | C36: Xu hướng năng lực | I36: Đi xuống - Down | N36: Ổn định - Stable | P36: Đi lên - Up
B37: 2 | C37: Nhận xét khác | I37: - … - … - …
B40: Người được đánh giá | D40: Giám đốc đơn vị | J40: Người kiểm tra/Phê duyệt
B47: Ngày (Date) ....../....../...... | D47: Ngày (Date) ....../....../...... | J47: Ngày (Date) ....../....../......

Sheet 7.KPI nam.NV CSKH (4NV) (4)
B2: Dự án: | C2: XÂY DỰNG HỆ THỐNG ĐÁNH GIÁ HIỆU QUẢ CÔNG VIỆC
B3: Yêu cầu: | C3: CÔNG TY CỔ PHẦN CẤP NƯỚC ĐÀ NẴNG
B4: Tư vấn: | C4: BrainMark Vietnam
B6: A7.11 | C6: KPI NHÂN VIÊN - NĂM 2026
B8: Họ và tên: | C8: Hoàng Thị Mỹ Dung | E8: Chức danh: | F8: Nhân viên CSKH
B9: Mã nhân viên: | C9: 0097 | E9: Đơn vị: | F9: Ban HCNS
B11: I | C11: KPI CÔNG TY VÀ KPI NĂM ĐƠN VỊ | Q11: =Q13+Q14 -> 0
C12: Nội dung | I12: Trọng số (%) | L12: Kế hoạch (KH) | N12: Thực hiện (TH) | O12: Hoàn thành | P12: Ghi chú | Q12: Kết quả KPI
B13: 1 | C13: Kết quả KPI Công ty | I13: 0.4 | L13: 1 | O13: =N13/L13 -> 0 | Q13: =I13*O13 -> 0
B14: 2 | C14: Kết quả KPI Đơn vị | I14: 0.6 | L14: 1 | O14: =N14/L14 -> 0 | Q14: =I14*O14 -> 0
B15: II | C15: MỤC TIÊU QUAN TRỌNG TRONG NĂM | Q15: =SUM(Q17:Q21) -> 0
C16: Mục tiêu | D16: Trọng số (%) | E16: Tiêu chí đánh giá | G16: Phương pháp đo | I16: Nguồn chứng minh | L16: ĐVT | N16: Kế hoạch (KH) | O16: Thực hiện (TH) | P16: Hoàn thành | Q16: Kết quả KPI
B17: 1 | C17: Không quá 4 lần phàn nàn của khách hàng về thái độ tiếp xúc, chăm sóc khách hàng của Bộ phận Call Center | D17: 0.25 | E17: Số lần phàn nàn của khách hàng về thái độ tiếp xúc, chăm sóc khách hàng của Bộ phận Call Center | G17: TH = 0, KPI = 100% TH ≥ 1, KPI = 0% | I17: Ban HCNS | L17: Lần | N17: 4 | P17: =IF(LEN(O17)=0,"",IF(O17=N17,1,0)) | Q17: =IFERROR(P17*D17,"")
B18: 2 | C18: Đảm bảo hoàn thành khảo sát mức độ hài lòng của khách hàng (theo chủ trương của HĐQT) | D18: 0.2 | E18: Số lần chậm trễ hoàn thành khảo sát mức độ hài lòng của khách hàng (theo chủ trương của HĐQT) thực tế | G18: TH = 0, KPI = 100% TH ≥ 1, KPI = 0% | I18: Ban HCNS, TTCNTT xác nhận | L18: Lần | N18: 0 | P18: =IF(LEN(O18)=0,"",IF(O18=N18,1,0)) | Q18: =IFERROR(P18*D18,"")
B19: 3 | C19: Không có trường hợp chậm trễ trong việc tiếp nhận và chuyển tiếp thông tin khiếu nại | D19: 0.2 | E19: Số lần chậm trễ trong việc tiếp nhận và chuyển tiếp thông tin khiếu nại thực tế | G19: TH = 0, KPI = 100% TH ≥ 1, KPI = 0% | I19: Ban HCNS | L19: Lần | N19: 0 | P19: =IF(LEN(O19)=0,"",IF(O19=N19,1,0)) | Q19: =IFERROR(P19*D19,"")
B20: 4 | C20: Tỷ lệ phản ánh về chất lượng dịch vụ giảm 5% so với tổng phản ánh năm trước | D20: 0.15 | E20: Tỷ lệ giảm phản ánh về chất lượng dịch vụ so với tổng số phản ánh năm trước | G20: TH ≥ 80%KH: KPI = TH/KH*100% TH < 80%KH: KPI = 0% Max KPI = 120% | I20: Báo cáo của TT CSKH | L20: % | N20: 0.05 | P20: =IF(LEN(O20)=0,"",IF(O20<N20*80%,0,MIN(120%,O20/N20*100%))) | Q20: =IFERROR(P20*D20,"")
B21: 5 | C21: Không có trường hợp KH phàn nàn vì cuộc gọi nhỡ do yếu tố chủ quan | D21: 0.2 | E21: Số lần phàn nàn của KH vì cuộc gọi nhỡ do yếu tố chủ quan | G21: TH = 0, KPI = 100% TH ≥ 1, KPI = 0% | I21: Ban HCNS | L21: Lần | N21: 0 | P21: =IF(LEN(O21)=0,"",IF(O21=N21,1,0)) | Q21: =IFERROR(P21*D21,"")
B22: III | C22: SỰ PHÙ HỢP VỚI GIÁ TRỊ CỐT LÕI CÔNG TY | Q22: =SUM(Q25:Q29)/5 -> #DIV/0!
C23: Nội dung | I23: Điểm giá trị cốt lõi | O23: Điểm yêu cầu | P23: Điểm đạt | Q23: Kết quả đánh giá phù hợp với giá trị cốt lõi
I24: Tối thiểu | K24: Cơ bản | L24: Đạt yêu cầu | M24: Thành thạo | N24: Xuất sắc
B25: 1 | C25: Giá trị 1 | I25: 1 | K25: 2 | L25: 3 | M25: 4 | N25: 5 | Q25: =P25/O25 -> #DIV/0!
B26: =B25+1 -> 2 | C26: Giá trị 2 | I26: 1 | K26: 2 | L26: 3 | M26: 4 | N26: 5 | Q26: =P26/O26 -> #DIV/0!
B27: 3 | C27: Giá trị 3 | I27: 1 | K27: 2 | L27: 3 | M27: 4 | N27: 5 | Q27: =P27/O27 -> #DIV/0!
B28: =B27+1 -> 4 | C28: Giá trị 4 | I28: 1 | K28: 2 | L28: 3 | M28: 4 | N28: 5 | Q28: =P28/O28 -> #DIV/0!
B29: 5 | C29: Giá trị 5 | I29: 1 | K29: 2 | L29: 3 | M29: 4 | N29: 5 | Q29: =P29/O29 -> #DIV/0!
B30: IV | C30: KẾT QUẢ CỦA QUÁ TRÌNH ĐÁNH GIÁ | Q30: =SUM(N32:N34) -> #DIV/0!
C31: Nội dung | I31: Tổng điểm | L31: Trọng số (%) | N31: Kết quả | O31: Danh hiệu
B32: 1 | C32: Điểm phần I - KPI năm Công ty và KPI năm Đơn vị | I32: =Q11 -> 0 | L32: 0.2 | N32: =I32*L32 -> 0 | O32: =IF(Q30=0,"",IF(Q30>100%,"XUẤT SẮC",IF(Q30>=90%,"TỐT",IF(Q30>=80%,"HOÀN THÀNH","KHÔNG HOÀN THÀNH")))) -> #DIV/0!
B33: =B32+1 -> 2 | C33: Điểm phần II - Mục tiêu quan trọng trong năm | I33: =Q15 -> 0 | L33: 0.7 | N33: =I33*L33 -> 0
B34: =B33+1 -> 3 | C34: Điểm phần III - Sự phù hợp Giá trị cốt lõi của Công ty | I34: =Q22 -> #DIV/0! | L34: 0.1 | N34: =I34*L34 -> #DIV/0!
B35: V | C35: NHẬN XÉT CHUNG
B36: 1 | C36: Xu hướng năng lực | I36: Đi xuống - Down | N36: Ổn định - Stable | P36: Đi lên - Up
B37: 2 | C37: Nhận xét khác | I37: - … - … - …
B40: Người được đánh giá | D40: Giám đốc đơn vị | J40: Người kiểm tra/Phê duyệt
B47: Ngày (Date) ....../....../...... | D47: Ngày (Date) ....../....../...... | J47: Ngày (Date) ....../....../......

Sheet 7.KPI nam.NV CSKH (4NV) (3)
B2: Dự án: | C2: XÂY DỰNG HỆ THỐNG ĐÁNH GIÁ HIỆU QUẢ CÔNG VIỆC
B3: Yêu cầu: | C3: CÔNG TY CỔ PHẦN CẤP NƯỚC ĐÀ NẴNG
B4: Tư vấn: | C4: BrainMark Vietnam
B6: A7.11 | C6: KPI NHÂN VIÊN - NĂM 2026
B8: Họ và tên: | C8: Thái Thu Lê | E8: Chức danh: | F8: Nhân viên CSKH
B9: Mã nhân viên: | C9: 0100 | E9: Đơn vị: | F9: Ban HCNS
B11: I | C11: KPI CÔNG TY VÀ KPI NĂM ĐƠN VỊ | Q11: =Q13+Q14 -> 0
C12: Nội dung | I12: Trọng số (%) | L12: Kế hoạch (KH) | N12: Thực hiện (TH) | O12: Hoàn thành | P12: Ghi chú | Q12: Kết quả KPI
B13: 1 | C13: Kết quả KPI Công ty | I13: 0.4 | L13: 1 | O13: =N13/L13 -> 0 | Q13: =I13*O13 -> 0
B14: 2 | C14: Kết quả KPI Đơn vị | I14: 0.6 | L14: 1 | O14: =N14/L14 -> 0 | Q14: =I14*O14 -> 0
B15: II | C15: MỤC TIÊU QUAN TRỌNG TRONG NĂM | Q15: =SUM(Q17:Q21) -> 0
C16: Mục tiêu | D16: Trọng số (%) | E16: Tiêu chí đánh giá | G16: Phương pháp đo | I16: Nguồn chứng minh | L16: ĐVT | N16: Kế hoạch (KH) | O16: Thực hiện (TH) | P16: Hoàn thành | Q16: Kết quả KPI
B17: 1 | C17: Không quá 4 lần phàn nàn của khách hàng về thái độ tiếp xúc, chăm sóc khách hàng của Bộ phận Call Center | D17: 0.25 | E17: Số lần phàn nàn của khách hàng về thái độ tiếp xúc, chăm sóc khách hàng của Bộ phận Call Center | G17: TH = 0, KPI = 100% TH ≥ 1, KPI = 0% | I17: Ban HCNS | L17: Lần | N17: 4 | P17: =IF(LEN(O17)=0,"",IF(O17=N17,1,0)) | Q17: =IFERROR(P17*D17,"")
B18: 2 | C18: Đảm bảo hoàn thành khảo sát mức độ hài lòng của khách hàng (theo chủ trương của HĐQT) | D18: 0.2 | E18: Số lần chậm trễ hoàn thành khảo sát mức độ hài lòng của khách hàng (theo chủ trương của HĐQT) thực tế | G18: TH = 0, KPI = 100% TH ≥ 1, KPI = 0% | I18: Ban HCNS, TTCNTT xác nhận | L18: Lần | N18: 0 | P18: =IF(LEN(O18)=0,"",IF(O18=N18,1,0)) | Q18: =IFERROR(P18*D18,"")
B19: 3 | C19: Không có trường hợp chậm trễ trong việc tiếp nhận và chuyển tiếp thông tin khiếu nại | D19: 0.2 | E19: Số lần chậm trễ trong việc tiếp nhận và chuyển tiếp thông tin khiếu nại thực tế | G19: TH = 0, KPI = 100% TH ≥ 1, KPI = 0% | I19: Ban HCNS | L19: Lần | N19: 0 | P19: =IF(LEN(O19)=0,"",IF(O19=N19,1,0)) | Q19: =IFERROR(P19*D19,"")
B20: 4 | C20: Tỷ lệ phản ánh về chất lượng dịch vụ giảm 5% so với tổng phản ánh năm trước | D20: 0.15 | E20: Tỷ lệ giảm phản ánh về chất lượng dịch vụ so với tổng số phản ánh năm trước | G20: TH ≥ 80%KH: KPI = TH/KH*100% TH < 80%KH: KPI = 0% Max KPI = 120% | I20: Báo cáo của TT CSKH | L20: % | N20: 0.05 | P20: =IF(LEN(O20)=0,"",IF(O20<N20*80%,0,MIN(120%,O20/N20*100%))) | Q20: =IFERROR(P20*D20,"")
B21: 5 | C21: Không có trường hợp KH phàn nàn vì cuộc gọi nhỡ do yếu tố chủ quan | D21: 0.2 | E21: Số lần phàn nàn của KH vì cuộc gọi nhỡ do yếu tố chủ quan | G21: TH = 0, KPI = 100% TH ≥ 1, KPI = 0% | I21: Ban HCNS | L21: Lần | N21: 0 | P21: =IF(LEN(O21)=0,"",IF(O21=N21,1,0)) | Q21: =IFERROR(P21*D21,"")
B22: III | C22: SỰ PHÙ HỢP VỚI GIÁ TRỊ CỐT LÕI CÔNG TY | Q22: =SUM(Q25:Q29)/5 -> #DIV/0!
C23: Nội dung | I23: Điểm giá trị cốt lõi | O23: Điểm yêu cầu | P23: Điểm đạt | Q23: Kết quả đánh giá phù hợp với giá trị cốt lõi
I24: Tối thiểu | K24: Cơ bản | L24: Đạt yêu cầu | M24: Thành thạo | N24: Xuất sắc
B25: 1 | C25: Giá trị 1 | I25: 1 | K25: 2 | L25: 3 | M25: 4 | N25: 5 | Q25: =P25/O25 -> #DIV/0!
B26: =B25+1 -> 2 | C26: Giá trị 2 | I26: 1 | K26: 2 | L26: 3 | M26: 4 | N26: 5 | Q26: =P26/O26 -> #DIV/0!
B27: 3 | C27: Giá trị 3 | I27: 1 | K27: 2 | L27: 3 | M27: 4 | N27: 5 | Q27: =P27/O27 -> #DIV/0!
B28: =B27+1 -> 4 | C28: Giá trị 4 | I28: 1 | K28: 2 | L28: 3 | M28: 4 | N28: 5 | Q28: =P28/O28 -> #DIV/0!
B29: 5 | C29: Giá trị 5 | I29: 1 | K29: 2 | L29: 3 | M29: 4 | N29: 5 | Q29: =P29/O29 -> #DIV/0!
B30: IV | C30: KẾT QUẢ CỦA QUÁ TRÌNH ĐÁNH GIÁ | Q30: =SUM(N32:N34) -> #DIV/0!
C31: Nội dung | I31: Tổng điểm | L31: Trọng số (%) | N31: Kết quả | O31: Danh hiệu
B32: 1 | C32: Điểm phần I - KPI năm Công ty và KPI năm Đơn vị | I32: =Q11 -> 0 | L32: 0.2 | N32: =I32*L32 -> 0 | O32: =IF(Q30=0,"",IF(Q30>100%,"XUẤT SẮC",IF(Q30>=90%,"TỐT",IF(Q30>=80%,"HOÀN THÀNH","KHÔNG HOÀN THÀNH")))) -> #DIV/0!
B33: =B32+1 -> 2 | C33: Điểm phần II - Mục tiêu quan trọng trong năm | I33: =Q15 -> 0 | L33: 0.7 | N33: =I33*L33 -> 0
B34: =B33+1 -> 3 | C34: Điểm phần III - Sự phù hợp Giá trị cốt lõi của Công ty | I34: =Q22 -> #DIV/0! | L34: 0.1 | N34: =I34*L34 -> #DIV/0!
B35: V | C35: NHẬN XÉT CHUNG
B36: 1 | C36: Xu hướng năng lực | I36: Đi xuống - Down | N36: Ổn định - Stable | P36: Đi lên - Up
B37: 2 | C37: Nhận xét khác | I37: - … - … - …
B40: Người được đánh giá | D40: Giám đốc đơn vị | J40: Người kiểm tra/Phê duyệt
B47: Ngày (Date) ....../....../...... | D47: Ngày (Date) ....../....../...... | J47: Ngày (Date) ....../....../......

Sheet 7.KPI nam.NV CSKH (4NV) (1)
B2: Dự án: | C2: XÂY DỰNG HỆ THỐNG ĐÁNH GIÁ HIỆU QUẢ CÔNG VIỆC
B3: Yêu cầu: | C3: CÔNG TY CỔ PHẦN CẤP NƯỚC ĐÀ NẴNG
B4: Tư vấn: | C4: BrainMark Vietnam
B6: A7.11 | C6: KPI NHÂN VIÊN - NĂM 2026
B8: Họ và tên: | C8: Nguyễn Thanh Bình | E8: Chức danh: | F8: Nhân viên CSKH
B9: Mã nhân viên: | C9: 0102 | E9: Đơn vị: | F9: Ban HCNS
B11: I | C11: KPI CÔNG TY VÀ KPI NĂM ĐƠN VỊ | Q11: =Q13+Q14 -> 0
C12: Nội dung | I12: Trọng số (%) | L12: Kế hoạch (KH) | N12: Thực hiện (TH) | O12: Hoàn thành | P12: Ghi chú | Q12: Kết quả KPI
B13: 1 | C13: Kết quả KPI Công ty | I13: 0.4 | L13: 1 | O13: =N13/L13 -> 0 | Q13: =I13*O13 -> 0
B14: 2 | C14: Kết quả KPI Đơn vị | I14: 0.6 | L14: 1 | O14: =N14/L14 -> 0 | Q14: =I14*O14 -> 0
B15: II | C15: MỤC TIÊU QUAN TRỌNG TRONG NĂM | Q15: =SUM(Q17:Q21) -> 0
C16: Mục tiêu | D16: Trọng số (%) | E16: Tiêu chí đánh giá | G16: Phương pháp đo | I16: Nguồn chứng minh | L16: ĐVT | N16: Kế hoạch (KH) | O16: Thực hiện (TH) | P16: Hoàn thành | Q16: Kết quả KPI
B17: 1 | C17: Không quá 4 lần phàn nàn của khách hàng về thái độ tiếp xúc, chăm sóc khách hàng của Bộ phận Call Center | D17: 0.25 | E17: Số lần phàn nàn của khách hàng về thái độ tiếp xúc, chăm sóc khách hàng của Bộ phận Call Center | G17: TH = 0, KPI = 100% TH ≥ 1, KPI = 0% | I17: Ban HCNS | L17: Lần | N17: 4 | P17: =IF(LEN(O17)=0,"",IF(O17=N17,1,0)) | Q17: =IFERROR(P17*D17,"")
B18: 2 | C18: Đảm bảo hoàn thành khảo sát mức độ hài lòng của khách hàng (theo chủ trương của HĐQT) | D18: 0.2 | E18: Số lần chậm trễ hoàn thành khảo sát mức độ hài lòng của khách hàng (theo chủ trương của HĐQT) thực tế | G18: TH = 0, KPI = 100% TH ≥ 1, KPI = 0% | I18: Ban HCNS, TTCNTT xác nhận | L18: Lần | N18: 0 | P18: =IF(LEN(O18)=0,"",IF(O18=N18,1,0)) | Q18: =IFERROR(P18*D18,"")
B19: 3 | C19: Không có trường hợp chậm trễ trong việc tiếp nhận và chuyển tiếp thông tin khiếu nại | D19: 0.2 | E19: Số lần chậm trễ trong việc tiếp nhận và chuyển tiếp thông tin khiếu nại thực tế | G19: TH = 0, KPI = 100% TH ≥ 1, KPI = 0% | I19: Ban HCNS | L19: Lần | N19: 0 | P19: =IF(LEN(O19)=0,"",IF(O19=N19,1,0)) | Q19: =IFERROR(P19*D19,"")
B20: 4 | C20: Tỷ lệ phản ánh về chất lượng dịch vụ giảm 5% so với tổng phản ánh năm trước | D20: 0.15 | E20: Tỷ lệ giảm phản ánh về chất lượng dịch vụ so với tổng số phản ánh năm trước | G20: TH ≥ 80%KH: KPI = TH/KH*100% TH < 80%KH: KPI = 0% Max KPI = 120% | I20: Báo cáo của TT CSKH | L20: % | N20: 0.05 | P20: =IF(LEN(O20)=0,"",IF(O20<N20*80%,0,MIN(120%,O20/N20*100%))) | Q20: =IFERROR(P20*D20,"")
B21: 5 | C21: Không có trường hợp KH phàn nàn vì cuộc gọi nhỡ do yếu tố chủ quan | D21: 0.2 | E21: Số lần phàn nàn của KH vì cuộc gọi nhỡ do yếu tố chủ quan | G21: TH = 0, KPI = 100% TH ≥ 1, KPI = 0% | I21: Ban HCNS | L21: Lần | N21: 0 | P21: =IF(LEN(O21)=0,"",IF(O21=N21,1,0)) | Q21: =IFERROR(P21*D21,"")
B22: III | C22: SỰ PHÙ HỢP VỚI GIÁ TRỊ CỐT LÕI CÔNG TY | Q22: =SUM(Q25:Q29)/5 -> #DIV/0!
C23: Nội dung | I23: Điểm giá trị cốt lõi | O23: Điểm yêu cầu | P23: Điểm đạt | Q23: Kết quả đánh giá phù hợp với giá trị cốt lõi
I24: Tối thiểu | K24: Cơ bản | L24: Đạt yêu cầu | M24: Thành thạo | N24: Xuất sắc
B25: 1 | C25: Giá trị 1 | I25: 1 | K25: 2 | L25: 3 | M25: 4 | N25: 5 | Q25: =P25/O25 -> #DIV/0!
B26: =B25+1 -> 2 | C26: Giá trị 2 | I26: 1 | K26: 2 | L26: 3 | M26: 4 | N26: 5 | Q26: =P26/O26 -> #DIV/0!
B27: 3 | C27: Giá trị 3 | I27: 1 | K27: 2 | L27: 3 | M27: 4 | N27: 5 | Q27: =P27/O27 -> #DIV/0!
B28: =B27+1 -> 4 | C28: Giá trị 4 | I28: 1 | K28: 2 | L28: 3 | M28: 4 | N28: 5 | Q28: =P28/O28 -> #DIV/0!
B29: 5 | C29: Giá trị 5 | I29: 1 | K29: 2 | L29: 3 | M29: 4 | N29: 5 | Q29: =P29/O29 -> #DIV/0!
B30: IV | C30: KẾT QUẢ CỦA QUÁ TRÌNH ĐÁNH GIÁ | Q30: =SUM(N32:N34) -> #DIV/0!
C31: Nội dung | I31: Tổng điểm | L31: Trọng số (%) | N31: Kết quả | O31: Danh hiệu
B32: 1 | C32: Điểm phần I - KPI năm Công ty và KPI năm Đơn vị | I32: =Q11 -> 0 | L32: 0.2 | N32: =I32*L32 -> 0 | O32: =IF(Q30=0,"",IF(Q30>100%,"XUẤT SẮC",IF(Q30>=90%,"TỐT",IF(Q30>=80%,"HOÀN THÀNH","KHÔNG HOÀN THÀNH")))) -> #DIV/0!
B33: =B32+1 -> 2 | C33: Điểm phần II - Mục tiêu quan trọng trong năm | I33: =Q15 -> 0 | L33: 0.7 | N33: =I33*L33 -> 0
B34: =B33+1 -> 3 | C34: Điểm phần III - Sự phù hợp Giá trị cốt lõi của Công ty | I34: =Q22 -> #DIV/0! | L34: 0.1 | N34: =I34*L34 -> #DIV/0!
B35: V | C35: NHẬN XÉT CHUNG
B36: 1 | C36: Xu hướng năng lực | I36: Đi xuống - Down | N36: Ổn định - Stable | P36: Đi lên - Up
B37: 2 | C37: Nhận xét khác | I37: - … - … - …
B40: Người được đánh giá | D40: Giám đốc đơn vị | J40: Người kiểm tra/Phê duyệt
B47: Ngày (Date) ....../....../...... | D47: Ngày (Date) ....../....../...... | J47: Ngày (Date) ....../....../......

Sheet 7.KPI nam.NV CSKH (4NV) (2)
B2: Dự án: | C2: XÂY DỰNG HỆ THỐNG ĐÁNH GIÁ HIỆU QUẢ CÔNG VIỆC
B3: Yêu cầu: | C3: CÔNG TY CỔ PHẦN CẤP NƯỚC ĐÀ NẴNG
B4: Tư vấn: | C4: BrainMark Vietnam
B6: A7.11 | C6: KPI NHÂN VIÊN - NĂM 2026
B8: Họ và tên: | C8: Phạm Thùy Tuyết | E8: Chức danh: | F8: Nhân viên CSKH
B9: Mã nhân viên: | C9: 0101 | E9: Đơn vị: | F9: Ban HCNS
B11: I | C11: KPI CÔNG TY VÀ KPI NĂM ĐƠN VỊ | Q11: =Q13+Q14 -> 0
C12: Nội dung | I12: Trọng số (%) | L12: Kế hoạch (KH) | N12: Thực hiện (TH) | O12: Hoàn thành | P12: Ghi chú | Q12: Kết quả KPI
B13: 1 | C13: Kết quả KPI Công ty | I13: 0.4 | L13: 1 | O13: =N13/L13 -> 0 | Q13: =I13*O13 -> 0
B14: 2 | C14: Kết quả KPI Đơn vị | I14: 0.6 | L14: 1 | O14: =N14/L14 -> 0 | Q14: =I14*O14 -> 0
B15: II | C15: MỤC TIÊU QUAN TRỌNG TRONG NĂM | Q15: =SUM(Q17:Q21) -> 0
C16: Mục tiêu | D16: Trọng số (%) | E16: Tiêu chí đánh giá | G16: Phương pháp đo | I16: Nguồn chứng minh | L16: ĐVT | N16: Kế hoạch (KH) | O16: Thực hiện (TH) | P16: Hoàn thành | Q16: Kết quả KPI
B17: 1 | C17: Không quá 4 lần phàn nàn của khách hàng về thái độ tiếp xúc, chăm sóc khách hàng của Bộ phận Call Center | D17: 0.25 | E17: Số lần phàn nàn của khách hàng về thái độ tiếp xúc, chăm sóc khách hàng của Bộ phận Call Center | G17: TH = 0, KPI = 100% TH ≥ 1, KPI = 0% | I17: Ban HCNS | L17: Lần | N17: 4 | P17: =IF(LEN(O17)=0,"",IF(O17=N17,1,0)) | Q17: =IFERROR(P17*D17,"")
B18: 2 | C18: Đảm bảo hoàn thành khảo sát mức độ hài lòng của khách hàng (theo chủ trương của HĐQT) | D18: 0.2 | E18: Số lần chậm trễ hoàn thành khảo sát mức độ hài lòng của khách hàng (theo chủ trương của HĐQT) thực tế | G18: TH = 0, KPI = 100% TH ≥ 1, KPI = 0% | I18: Ban HCNS, TTCNTT xác nhận | L18: Lần | N18: 0 | P18: =IF(LEN(O18)=0,"",IF(O18=N18,1,0)) | Q18: =IFERROR(P18*D18,"")
B19: 3 | C19: Không có trường hợp chậm trễ trong việc tiếp nhận và chuyển tiếp thông tin khiếu nại | D19: 0.2 | E19: Số lần chậm trễ trong việc tiếp nhận và chuyển tiếp thông tin khiếu nại thực tế | G19: TH = 0, KPI = 100% TH ≥ 1, KPI = 0% | I19: Ban HCNS | L19: Lần | N19: 0 | P19: =IF(LEN(O19)=0,"",IF(O19=N19,1,0)) | Q19: =IFERROR(P19*D19,"")
B20: 4 | C20: Tỷ lệ phản ánh về chất lượng dịch vụ giảm 5% so với tổng phản ánh năm trước | D20: 0.15 | E20: Tỷ lệ giảm phản ánh về chất lượng dịch vụ so với tổng số phản ánh năm trước | G20: TH ≥ 80%KH: KPI = TH/KH*100% TH < 80%KH: KPI = 0% Max KPI = 120% | I20: Báo cáo của TT CSKH | L20: % | N20: 0.05 | P20: =IF(LEN(O20)=0,"",IF(O20<N20*80%,0,MIN(120%,O20/N20*100%))) | Q20: =IFERROR(P20*D20,"")
B21: 5 | C21: Không có trường hợp KH phàn nàn vì cuộc gọi nhỡ do yếu tố chủ quan | D21: 0.2 | E21: Số lần phàn nàn của KH vì cuộc gọi nhỡ do yếu tố chủ quan | G21: TH = 0, KPI = 100% TH ≥ 1, KPI = 0% | I21: Ban HCNS | L21: Lần | N21: 0 | P21: =IF(LEN(O21)=0,"",IF(O21=N21,1,0)) | Q21: =IFERROR(P21*D21,"")
B22: III | C22: SỰ PHÙ HỢP VỚI GIÁ TRỊ CỐT LÕI CÔNG TY | Q22: =SUM(Q25:Q29)/5 -> #DIV/0!
C23: Nội dung | I23: Điểm giá trị cốt lõi | O23: Điểm yêu cầu | P23: Điểm đạt | Q23: Kết quả đánh giá phù hợp với giá trị cốt lõi
I24: Tối thiểu | K24: Cơ bản | L24: Đạt yêu cầu | M24: Thành thạo | N24: Xuất sắc
B25: 1 | C25: Giá trị 1 | I25: 1 | K25: 2 | L25: 3 | M25: 4 | N25: 5 | Q25: =P25/O25 -> #DIV/0!
B26: =B25+1 -> 2 | C26: Giá trị 2 | I26: 1 | K26: 2 | L26: 3 | M26: 4 | N26: 5 | Q26: =P26/O26 -> #DIV/0!
B27: 3 | C27: Giá trị 3 | I27: 1 | K27: 2 | L27: 3 | M27: 4 | N27: 5 | Q27: =P27/O27 -> #DIV/0!
B28: =B27+1 -> 4 | C28: Giá trị 4 | I28: 1 | K28: 2 | L28: 3 | M28: 4 | N28: 5 | Q28: =P28/O28 -> #DIV/0!
B29: 5 | C29: Giá trị 5 | I29: 1 | K29: 2 | L29: 3 | M29: 4 | N29: 5 | Q29: =P29/O29 -> #DIV/0!
B30: IV | C30: KẾT QUẢ CỦA QUÁ TRÌNH ĐÁNH GIÁ | Q30: =SUM(N32:N34) -> #DIV/0!
C31: Nội dung | I31: Tổng điểm | L31: Trọng số (%) | N31: Kết quả | O31: Danh hiệu
B32: 1 | C32: Điểm phần I - KPI năm Công ty và KPI năm Đơn vị | I32: =Q11 -> 0 | L32: 0.2 | N32: =I32*L32 -> 0 | O32: =IF(Q30=0,"",IF(Q30>100%,"XUẤT SẮC",IF(Q30>=90%,"TỐT",IF(Q30>=80%,"HOÀN THÀNH","KHÔNG HOÀN THÀNH")))) -> #DIV/0!
B33: =B32+1 -> 2 | C33: Điểm phần II - Mục tiêu quan trọng trong năm | I33: =Q15 -> 0 | L33: 0.7 | N33: =I33*L33 -> 0
B34: =B33+1 -> 3 | C34: Điểm phần III - Sự phù hợp Giá trị cốt lõi của Công ty | I34: =Q22 -> #DIV/0! | L34: 0.1 | N34: =I34*L34 -> #DIV/0!
B35: V | C35: NHẬN XÉT CHUNG
B36: 1 | C36: Xu hướng năng lực | I36: Đi xuống - Down | N36: Ổn định - Stable | P36: Đi lên - Up
B37: 2 | C37: Nhận xét khác | I37: - … - … - …
B40: Người được đánh giá | D40: Giám đốc đơn vị | J40: Người kiểm tra/Phê duyệt
B47: Ngày (Date) ....../....../...... | D47: Ngày (Date) ....../....../...... | J47: Ngày (Date) ....../....../......

Sheet A7.9.KPI Ban HCNS Quy 1.26
B2: Dự án: | C2: XÂY DỰNG HỆ THỐNG ĐÁNH GIÁ HIỆU QUẢ CÔNG VIỆC
B3: Yêu cầu: | C3: CÔNG TY CỔ PHẦN CẤP NƯỚC ĐÀ NẴNG
B4: Tư vấn: | C4: BrainMark Vietnam
B6: A7.9 | C6: KPI BAN HCNS - QUÝ 1/NĂM 2026
B9: STT | C9: Mục tiêu | D9: Trọng số (%) | E9: Tiêu chí đánh giá | F9: Phương pháp đo | G9: Thời điểm ghi nhận | H9: Nguồn chứng minh | I9: ĐVT | J9: Kế hoạch (KH) | K9: Thực hiện (TH) | L9: Hoàn thành | M9: Kết quả KPI
C10: VẬN HÀNH (B) | D10: 0.4 | M10: =SUM(M11:M15)*D10 -> 0.40888889
B11: 1 | C11: Hoàn thành 95% các công việc theo phiếu giao việc, thông báo họp giao ban và thông báo khác của Ban Tổng giám đốc giao | D11: 0.2 | E11: Tỷ lệ hoàn thành các công việc theo Ban TGĐ giao (trong cuộc họp giao ban) thực tế | F11: TH ≥ KH, KPI = 100% TH < KH, KPI = 0 | G11: 46112 | H11: Ban Kế hoạch chủ trì, phối hợp với Ban TCKT, Ban HCNS, Ban Kỹ thuật,… | I11: % | J11: 0.95 | K11: 1 | L11: =IF(LEN(K11)=0,"",IF(K11>=J11,100%,0%)) -> 1 | M11: =IFERROR(L11*D11,"") -> 0.2
B12: 2 | C12: Tỷ lệ văn bản, hồ sơ xử lý đúng hạn sau khi tiếp nhận văn bản ≥ 90%/tổng số lượng văn bản văn phòng điện tử tiếp nhận | D12: 0.2 | E12: Tỷ lệ văn bản, hồ sơ xử lý đúng hạn sau khi tiếp nhận văn bản/tổng số lượng văn bản văn phòng điện tử tiếp nhận thực tế | F12: TH < 80%: KPI= 0 TH ≥ 80%: TH/KH*100% Max KPI = 120% | G12: 46112 | H12: Ban HCNS báo cáo, Ban kế hoạch xác nhận | I12: % | J12: 0.9 | K12: =3/3 -> 1 | L12: =IF(LEN(K12)=0,"",IF(K12<J12,0,MIN(120%,K12/J12*100%))) -> 1.1111111 | M12: =IFERROR(L12*D12,"") -> 0.22222222
B13: 3 | C13: Đảm bảo 100% công văn đi đến được xử lý đúng hạn (tại giai đoạn theo chức năng Ban HCNS) | D13: 0.2 | E13: Số lần công văn đi đến xử lý trễ hạn (tại giai đoạn theo chức năng Ban HCNS) thực tế | F13: TH = 0, KPI = 100% TH ≥ 1, KPI = 0% | G13: 46112 | H13: Báo cáo của Ban HCNS | I13: Lần | J13: 0 | K13: 0 | L13: =IF(LEN(K13)=0,"",IF(K13=J13,1,0)) -> 1 | M13: =IFERROR(L13*D13,"") -> 0.2
B14: 4 | C14: Đảm bảo tuân thủ 100% chế độ chính sách quy định Luật Lao động (HĐLĐ, Chế độ nghỉ hưu, nghỉ trước tuổi, nâng lương,…) | D14: 0.15 | E14: Số lần vi phạm thực hiện chế độ chính sách quy định Luật Lao động (HĐLĐ, Chế độ nghỉ hưu, nghỉ trước tuổi, nâng lương,…) | F14: TH = 0, KPI = 100% TH ≥ 1, KPI = 0% | G14: 46112 | H14: Báo cáo của Ban HCNS, Ban TCKT xác nhận | I14: Lần | J14: 0 | K14: 0 | L14: =IF(LEN(K14)=0,"",IF(K14=J14,1,0)) -> 1 | M14: =IFERROR(L14*D14,"") -> 0.15
B15: 5 | C15: Đảm bảo trình HĐQT phê duyệt kế hoạch lao động tiền lương và quyết toán tiền lương năm trước trước 31/3/2026 | D15: 0.25 | E15: Thời gian thực tế trình phê duyệt kế hoạch lao động tiền lương và quyết toán tiền lương năm trước | F15: TH ≤ KH, KPI = 100% TH > KH, KPI = 0% | G15: 46112 | H15: Báo cáo của Ban HCNS, Ban TCKT xác nhận | I15: Ngày | J15: 46112 | K15: 46107 | L15: =IF(LEN(K15)=0,"",IF(K15<=J15,1,0)) -> 1 | M15: =IFERROR(L15*D15,"") -> 0.25
C16: TÀI CHÍNH (F) | D16: 0.3 | M16: =SUM(M17:M18)*D16 -> 0.18
B17: 1 | C17: Chi phí Văn phòng phẩm (bộ phận văn phòng công ty) giảm 2% so với quý 1 năm trước | D17: 0.5 | E17: Tỷ lệ chi phí VVP (bộ phận VP Công ty) giảm so với quý 1 năm 2025 thực tế | F17: TH ≥ KH: KPI = TH/KH*100% TH < KH: KPI = 0% Max KPI = 120% | G17: 46112 | H17: Ban TCKT xác nhận | I17: % | J17: 0.02 | K17: 0.034 | L17: =IF(LEN(K17)=0,"",MAX(0%,IF(K17<J17,0,(MIN(120%,K17/J17*100%))))) -> 1.2 | M17: =IFERROR(L17*D17,"") -> 0.6
B18: 2 | C18: Sản lượng tiêu thụ điện Q1 không cao hơn Q1 năm trước | D18: 0.5 | E18: Sản lượng tiêu thụ điện Q1 thực tế so với Q1 năm trước | F18: TH > KH: KPI = 0% TH<KH: KPI= 100% Tiết kiệm 5%, KPI = 120% | G18: 46112 | H18: Báo cáo của Ban HCNS, Ban TCKT xác nhận | I18: kWh | J18: 36381 | K18: 36750 | L18: =IF(LEN(K18)=0,"",IF(K18>J18,0,MIN(120%,J18/K18*100%))) -> 0 | M18: =IFERROR(L18*D18,"") -> 0
C19: KHÁCH HÀNG (C) | D19: 0.15 | M19: =SUM(M20:M23)*D19 -> 0.15
B20: 1 | C20: Không quá 1 lần/ người/ quý phàn nàn của khách hàng về thái độ tiếp xúc, chăm sóc khách hàng của Bộ phận Call Center | D20: 0.3 | E20: Số lần phàn nàn của khách hàng về thái độ tiếp xúc, chăm sóc khách hàng của Bộ phận Call Center | F20: TH ≤ KH: KPI = 100% TH > KH: KPI = 0% | G20: 46112 | H20: Ban HCNS xác nhận | I20: Lần | J20: 1 | K20: 0 | L20: =IF(LEN(K20)=0,"",IF(K20<=J20,1,0)) -> 1 | M20: =IFERROR(L20*D20,"") -> 0.3
B21: 2 | C21: Thời gian xử lý đơn khiếu nại của KH (có báo cáo bằng văn bản) trung bình không quá 05 ngày làm việc kể từ ngày tiếp nhận đơn | D21: 0.3 | E21: Trung bình thời gian xử lý đơn khiếu nại của KH (có báo cáo bằng văn bản) kể từ ngày tiếp nhận đơn | F21: TH ≤ KH: KPI = KH/TH*100% TH > KH: KPI = 0% Max KPI = 120% | G21: 46112 | H21: HCNS báo cáo, các XN liên quan xác nhận | I21: Ngày | J21: 5 | K21: 5 | L21: =IF(LEN(K21)=0,"",IF(K21>J21,0,MIN(120%,J21/K21*100%))) -> 1 | M21: =IFERROR(L21*D21,"") -> 0.3
B22: 3 | C22: Tỷ lệ phản ánh về chất lượng dịch vụ giảm 5% so với tổng phản ánh quý 1 năm trước | D22: 0.2 | E22: Tỷ lệ giảm phản ánh về chất lượng dịch vụ so với tổng số phản ánh quý 1 năm trước | F22: TH ≥ 80%KH: KPI = TH/KH*100% TH < 80%KH: KPI = 0% Max KPI = 120% | G22: 46112 | H22: HCNS báo cáo, các XN liên quan xác nhận | I22: % | J22: 0.05 | K22: 0.05 | L22: =IF(LEN(K22)=0,"",IF(K22<J22*80%,0,MIN(120%,K22/J22*100%))) -> 1 | M22: =IFERROR(L22*D22,"") -> 0.2
B23: 4 | C23: Đảm bảo 20% hồ sơ (hồ sơ nhân sự) được số hoá trước 31/03/2026 | D23: 0.2 | E23: Tỷ lệ hồ sơ (hồ sơ nhân sự) được số hoá thực tế | F23: TH < KH: KPI = 0% TH ≥ KH: KPI = TH/KH*100% | G23: 46112 | H23: TT CNTT xác nhận | I23: % | J23: 0.2 | K23: 0.2 | L23: =IF(LEN(K23)=0,"",IF(K23<J23,0,MIN(120%,K23/J23*100%))) -> 1 | M23: =IFERROR(L23*D23,"") -> 0.2
C24: PHÁT TRIỂN (L) | D24: 0.15 | M24: =SUM(M25:M25)*D24 -> 0.15
B25: 1 | C25: Hoàn thành bảng định chuẩn chức danh trước 31/3/2026 | D25: ='A7.4.Mục tiêu Phòng 4 quý.2026'!F26 -> 1 | E25: Thời gian hoàn thành bảng định chuẩn chức danh | F25: TH ≤ KH, KPI = 100% TH > KH, KPI = 0% | G25: 46112 | H25: Ban KPI | I25: Ngày | J25: 46112 | K25: 46101 | L25: =IF(LEN(K25)=0,"",IF(K25<=J25,1,0)) -> 1 | M25: =IFERROR(L25*D25,"") -> 1
B26: TỔNG: | M26: =SUM(M10,M16,M19,M24) -> 0.88888889
C28: Người lập | F28: Giám đốc đơn vị | J28: Phê duyệt
C35: Ngày (Date) ....../....../...... | F35: Ngày (Date) ....../....../...... | K35: Ngày (Date) ....../....../......

Sheet A7.4.Mục tiêu Phòng 4 quý.2026
B2: Dự án: | C2: XÂY DỰNG HỆ THỐNG ĐÁNH GIÁ HIỆU QUẢ CÔNG VIỆC
B3: Yêu cầu: | C3: CÔNG TY CỔ PHẦN CẤP NƯỚC ĐÀ NẴNG
B4: Tư vấn: | C4: BrainMark Vietnam
B6: A7.4 | C6: MỤC TIÊU BAN HCNS- QUÝ/NĂM 2026
B8: Stt | C8: MỤC TIÊU BAN HCNS | D8: TRỌNG SỐ (%) | E8: QUÝ I | F8: Trọng số (%) | G8: QUÝ II | H8: Trọng số (%) | I8: QUÝ III | J8: Trọng số (%) | K8: QUÝ IV | L8: Trọng số (%)
C9: VẬN HÀNH (B) | D9: 0.4 | F9: 0.4
B10: 1 | C10: Hoàn thành 95% các công việc theo phiếu giao việc, thông báo họp giao ban và thông báo khác của Ban Tổng giám đốc giao | D10: 0.2 | E10: Hoàn thành 95% các công việc theo phiếu giao việc, thông báo họp giao ban và thông báo khác của Ban Tổng giám đốc giao | F10: 0.2 | G10: Hoàn thành 95% các công việc theo phiếu giao việc, thông báo họp giao ban và thông báo khác của Ban Tổng giám đốc giao | I10: Hoàn thành 95% các công việc theo phiếu giao việc, thông báo họp giao ban và thông báo khác của Ban Tổng giám đốc giao | K10: Hoàn thành 95% các công việc theo phiếu giao việc, thông báo họp giao ban và thông báo khác của Ban Tổng giám đốc giao
B11: 2 | C11: Tỷ lệ văn bản, hồ sơ xử lý đúng hạn sau khi tiếp nhận văn bản ≥ 90%/tổng số lượng văn bản văn phòng điện tử tiếp nhận | D11: 0.2 | E11: Tỷ lệ văn bản, hồ sơ xử lý đúng hạn sau khi tiếp nhận văn bản ≥ 90%/tổng số lượng văn bản văn phòng điện tử tiếp nhận | F11: 0.2 | G11: Tỷ lệ văn bản, hồ sơ xử lý đúng hạn sau khi tiếp nhận văn bản ≥ 90%/tổng số lượng văn bản văn phòng điện tử tiếp nhận | I11: Tỷ lệ văn bản, hồ sơ xử lý đúng hạn sau khi tiếp nhận văn bản ≥ 90%/tổng số lượng văn bản văn phòng điện tử tiếp nhận | K11: Tỷ lệ văn bản, hồ sơ xử lý đúng hạn sau khi tiếp nhận văn bản ≥ 90%/tổng số lượng văn bản văn phòng điện tử tiếp nhận
B12: 3 | C12: Đảm bảo 100% công văn đi đến được xử lý đúng hạn (tại giai đoạn theo chức năng Ban HCNS) | D12: 0.2 | E12: Đảm bảo 100% công văn đi đến được xử lý đúng hạn (tại giai đoạn theo chức năng Ban HCNS) | F12: 0.2 | G12: Đảm bảo 100% công văn đi đến được xử lý đúng hạn (tại giai đoạn theo chức năng Ban HCNS) | I12: Đảm bảo 100% công văn đi đến được xử lý đúng hạn (tại giai đoạn theo chức năng Ban HCNS) | K12: Đảm bảo 100% công văn đi đến được xử lý đúng hạn (tại giai đoạn theo chức năng Ban HCNS)
B13: 4 | C13: Đảm bảo tuân thủ 100% chế độ chính sách quy định Luật Lao động (HĐLĐ, Chế độ nghỉ hưu, nghỉ trước tuổi, nâng lương,…) | D13: 0.15 | E13: Đảm bảo tuân thủ 100% chế độ chính sách quy định Luật Lao động (HĐLĐ, Chế độ nghỉ hưu, nghỉ trước tuổi, nâng lương,…) | F13: 0.15 | G13: Đảm bảo tuân thủ 100% chế độ chính sách quy định Luật Lao động (HĐLĐ, Chế độ nghỉ hưu, nghỉ trước tuổi, nâng lương,…) | I13: Đảm bảo tuân thủ 100% chế độ chính sách quy định Luật Lao động (HĐLĐ, Chế độ nghỉ hưu, nghỉ trước tuổi, nâng lương,…) | K13: Đảm bảo tuân thủ 100% chế độ chính sách quy định Luật Lao động (HĐLĐ, Chế độ nghỉ hưu, nghỉ trước tuổi, nâng lương,…)
B14: 5 | C14: Đảm bảo trình HĐQT phê duyệt kế hoạch lao động tiền lương và quyết toán tiền lương năm trước trước 31/3/2026 | D14: 0.25 | E14: Đảm bảo trình HĐQT phê duyệt kế hoạch lao động tiền lương và quyết toán tiền lương năm trước trước 31/3/2026 | F14: 0.25
C15: TÀI CHÍNH (F) | D15: 0.3 | E15: TÀI CHÍNH (F) | F15: 0.3
B16: 1 | C16: Chi phí Văn phòng phẩm (bộ phận văn phòng công ty) giảm 2% so với năm trước | D16: 0.4 | E16: Chi phí Văn phòng phẩm (bộ phận văn phòng công ty) giảm 2% so với quý 1 năm trước | F16: 0.5 | G16: Chi phí Văn phòng phẩm (bộ phận văn phòng công ty) giảm 2% so với quý 2 năm trước | I16: Chi phí Văn phòng phẩm (bộ phận văn phòng công ty) giảm 2% so với quý 3 năm trước | K16: Chi phí Văn phòng phẩm (bộ phận văn phòng công ty) giảm 2% so với quý năm trước
B17: 2 | C17: Kinh phí Đào tạo không vượt quá kế hoạch được duyệt trong năm | D17: 0.4 | G17: Kinh phí Đào tạo không vượt quá kế hoạch được duyệt trong năm | I17: Kinh phí Đào tạo không vượt quá kế hoạch được duyệt trong năm
B18: 3 | C18: Tiết kiệm điện năng tiêu hao trong năm (VPCT) ≥ 5% so với năm trước ==>Sản lượng điện tiêu thụ văn phòng cty năm 2026 không tăng so với năm 2025 | D18: 0.2 | E18: Sản lượng tiêu thụ điện Q1 không cao hơn Q1 năm trước | F18: 0.5 | G18: Sản lượng tiêu thụ điện Q2 không cao hơn Q2 năm trước | I18: Sản lượng tiêu thụ điện Q3 không cao hơn Q3 năm trước | K18: Sản lượng tiêu thụ điện Q4 không cao hơn Q4 năm trước
C19: KHÁCH HÀNG (C) | D19: 0.15 | E19: KHÁCH HÀNG (C) | F19: 0.15
B20: 1 | C20: Không quá 4 lần phàn nàn của khách hàng về thái độ tiếp xúc, chăm sóc khách hàng của Bộ phận Call Center | D20: 0.25 | E20: Không quá 1 lần phàn nàn của khách hàng về thái độ tiếp xúc, chăm sóc khách hàng của Bộ phận Call Center | F20: 0.3 | G20: Không quá 1 lần phàn nàn của khách hàng về thái độ tiếp xúc, chăm sóc khách hàng của Bộ phận Call Center | I20: Không quá 1 lần phàn nàn của khách hàng về thái độ tiếp xúc, chăm sóc khách hàng của Bộ phận Call Center | K20: Không quá 1 lần phàn nàn của khách hàng về thái độ tiếp xúc, chăm sóc khách hàng của Bộ phận Call Center
B21: 2 | C21: Đảm bảo hoàn thành khảo sát mức độ hài lòng của khách hàng (theo chủ trương của HĐQT) | D21: 0.15 | G21: Đảm bảo hoàn thành khảo sát mức độ hài lòng của khách hàng (theo chủ trương của HĐQT) | I21: Đảm bảo hoàn thành khảo sát mức độ hài lòng của khách hàng (theo chủ trương của HĐQT)
B22: 3 | C22: Thời gian xử lý đơn khiếu nại của KH (có báo cáo bằng văn bản) trung bình không quá 05 ngày làm việc kể từ ngày tiếp nhận đơn | D22: 0.2 | E22: Thời gian xử lý đơn khiếu nại của KH (có báo cáo bằng văn bản) trung bình không quá 05 ngày làm việc kể từ ngày tiếp nhận đơn | F22: 0.3 | G22: Thời gian xử lý đơn khiếu nại của KH (có báo cáo bằng văn bản) trung bình không quá 05 ngày làm việc kể từ ngày tiếp nhận đơn | I22: Thời gian xử lý đơn khiếu nại của KH (có báo cáo bằng văn bản) trung bình không quá 05 ngày làm việc kể từ ngày tiếp nhận đơn | K22: Thời gian xử lý đơn khiếu nại của KH (có báo cáo bằng văn bản) trung bình không quá 05 ngày làm việc kể từ ngày tiếp nhận đơn
B23: 4 | C23: Tỷ lệ phản ánh về chất lượng dịch vụ giảm 5% so với tổng phản ánh năm trước | D23: 0.15 | E23: Tỷ lệ phản ánh về chất lượng dịch vụ giảm 5% so với tổng phản ánh năm trước ==>(Đảm bảo 100% phân loại phản ánh khách hàng đúng) | F23: 0.2 | G23: Tỷ lệ phản ánh về chất lượng dịch vụ giảm 5% so với tổng phản ánh năm trước | I23: Tỷ lệ phản ánh về chất lượng dịch vụ giảm 5% so với tổng phản ánh năm trước | K23: Tỷ lệ phản ánh về chất lượng dịch vụ giảm 5% so với tổng phản ánh năm trước
B24: 5 | C24: Đảm bảo 80% hồ sơ (hồ sơ nhân sự) được số hoá trước 31/12/2026 | D24: 0.25 | E24: Đảm bảo 20% hồ sơ (hồ sơ nhân sự) được số hoá trước 31/03/2026 | F24: 0.2 | G24: Đảm bảo 20% hồ sơ (hồ sơ nhân sự) được số hoá trước 30/06/2026 | I24: Đảm bảo 20% hồ sơ (hồ sơ nhân sự) được số hoá trước 30/9/2026 | K24: Đảm bảo 20% hồ sơ (hồ sơ nhân sự) được số hoá trước 31/12/2026
C25: PHÁT TRIỂN (L) | D25: 0.15 | E25: PHÁT TRIỂN (L) | F25: 0.15
B26: 1 | C26: Hoàn thành xây dựng hệ thống lương 3P trước ngày 31/12/2026 | D26: 0.4 | E26: Hoàn thành bảng định chuẩn chức danh | F26: 1 | G26: Hoàn thành hệ thống khung bậc lương | I26: Hoàn thành phương án chuyển đổi theo tỉ lệ giả định | K26: Hoàn thành xây dựng hệ thống lương 3P trước ngày 31/12/2026
B27: 2 | C27: Hoàn thành việc xây dựng lại đơn giá tiền lương và hệ số lương của Biên đọc (nhằm nâng cao NSLĐ) HĐ lương phê duyệt trước 31/12/2026 | D27: 0.15 | G27: Hoàn thành việc xây dựng lại đơn giá tiền lương và hệ số lương của Biên đọc (nhằm nâng cao NSLĐ) HĐ lương phê duyệt trước 31/12/2026 | I27: Hoàn thành việc xây dựng lại đơn giá tiền lương và hệ số lương của Biên đọc (nhằm nâng cao NSLĐ) HĐ lương phê duyệt trước 31/12/2026
B28: 3 | C28: Tổ chức 03 khóa đào tạo | D28: 0.2 | G28: Tổ chức 01 khóa đào tạo | I28: Tổ chức 02 khóa đào tạo
B29: 4 | C29: Ứng dụng AI trong việc lập Kết luận giao ban hàng tháng | D29: 0.25 | I29: Ứng dụng AI trong việc lập Kết luận giao ban hàng tháng
C30: TOTAL | D30: =D9+D15+D19+D25 -> 1 | F30: =F9+F15+F19+F25 -> 1 | H30: =H9+H15+H19+H25 -> 0 | J30: =J9+J15+J19+J25 -> 0 | L30: =L9+L15+L19+L25 -> 0
C32: Người lập (Prepared by) | E32: Xem xét (Checked by) | I32: Phê duyệt (Approved by)
C39: Ngày (Date) ....../....../...... | E39: Ngày (Date) ....../....../...... | I39: Ngày (Date) ....../....../......

Sheet A7.7.Mục tiêu Nhân viên Q1.26
B2: Dự án: | C2: XÂY DỰNG HỆ THỐNG ĐÁNH GIÁ HIỆU QUẢ CÔNG VIỆC
B3: Yêu cầu: | C3: CÔNG TY CỔ PHẦN CẤP NƯỚC ĐÀ NẴNG
B4: Tư vấn: | C4: BrainMark Vietnam
B6: A7.7 | C6: MỤC TIÊU NHÂN VIÊN QUÝ 1 - NĂM 2026
B9: Stt | C9: MỤC TIÊU BAN HCNS | D9: TRỌNG SỐ (%) | E9: Phó Giám đốc Ban (Hành chính - Nội quy, Hành chính - Tài sản, An ninh - ATNB) | F9: Trọng số (%) | G9: Phó Giám đốc Ban (CSKH - Lao động tiền lương) | H9: Trọng số (%) | I9: Phó Giám đốc Ban (Nhân sự - Pháp chế) | J9: Trọng số (%) | K9: Nhân viên Hành chính nhân sự (Ý Nhi) | L9: Trọng số (%) | M9: Nhân viên Hành chính nhân sự (Quỳnh Như) | N9: Trọng số (%) | O9: Nhân viên Văn thư lưu trữ | P9: Trọng số (%) | Q9: Nhân viên lái xe | R9: Trọng số (%) | S9: Nhân viên CSKH | T9: Trọng số (%)
C10: VẬN HÀNH (B) | D10: 0.4
B11: 1 | C11: Hoàn thành 95% các công việc theo phiếu giao việc, thông báo họp giao ban và thông báo khác của Ban Tổng giám đốc giao | D11: 0.2 | G11: Hoàn thành 95% các công việc theo phiếu giao việc, thông báo họp giao ban và thông báo khác của Ban Tổng giám đốc giao | H11: 0.2 | I11: Hoàn thành 95% các công việc theo phiếu giao việc, thông báo họp giao ban và thông báo khác của Ban Tổng giám đốc giao | J11: 0.25 | Q11: Đảm bảo không vi phạm Luật ATGT | R11: 0.2
B12: 2 | C12: Tỷ lệ văn bản, hồ sơ xử lý đúng hạn sau khi tiếp nhận văn bản ≥ 90%/tổng số lượng văn bản văn phòng điện tử tiếp nhận | D12: 0.2 | E12: Tỷ lệ văn bản, hồ sơ xử lý đúng hạn sau khi tiếp nhận văn bản ≥ 90%/tổng số lượng văn bản văn phòng điện tử tiếp nhận | F12: 0.3 | G12: Không quá 1 lần sai sót/chậm trễ trong việc tính lương, thực hiện chế độ chính sách cho người lao động hoặc báo cáo số liệu liên quan cho Giám đốc ban/các đơn vị | H12: 0.1 | I12: Tỷ lệ văn bản, hồ sơ xử lý đúng hạn sau khi tiếp nhận văn bản ≥ 90%/tổng số lượng văn bản văn phòng điện tử tiếp nhận | J12: 0.2 | K12: Kiểm soát tiến độ xử lý văn bản, hồ sơ đúng hạn đạt 100% | L12: 0.3 | M12: Hoàn thành báo cáo kiểm kê CCDC năm 2025 do Ban HCNS phụ trách trước ngày 31/03/2026 | N12: 0.25 | O12: 100% hồ sơ, công văn được lưu trữ đúng quy định (nơi nhận, thời hạn…) | P12: 0.2 | Q12: Đảm bảo 100% phương tiện được bảo dưỡng, đăng kiểm, mua bảo hiểm đúng kế hoạch | R12: 0.2
B13: 3 | C13: Đảm bảo 100% công văn đi đến được xử lý đúng hạn (tại giai đoạn theo chức năng Ban HCNS) | D13: 0.2 | E13: Hoàn thành báo cáo kiểm kê CCDC năm 2025 do Ban HCNS phụ trách trước ngày 31/03/2026 | F13: 0.3 | I13: Đảm bảo 100% công văn đi đến được xử lý đúng hạn (tại giai đoạn theo chức năng Ban HCNS) | J13: 0.2 | O13: Đảm bảo 100% công văn đi đến được xử lý đúng hạn (tại giai đoạn theo chức năng Ban HCNS) | P13: 0.2 | Q13: Đảm bảo 100% phương tiện luôn sẵn sàng phục vụ (vệ sinh, nhiên liệu, giấy tờ…) | R13: 0.25
B14: 4 | C14: Đảm bảo tuân thủ 100% chế độ chính sách quy định Luật Lao động (HĐLĐ, Chế độ nghỉ hưu, nghỉ trước tuổi, nâng lương,…) | D14: 0.15 | E14: Đảm bảo tuân thủ 100% quy định về PCCC, ATVSLĐ | F14: 0.15 | G14: Đảm bảo tuân thủ 100% chế độ chính sách quy định Luật Lao động (HĐLĐ, Chế độ nghỉ hưu, nghỉ trước tuổi, nâng lương,…) | H14: 0.2 | K14: Đảm bảo theo dõi, ký mới và gia hạn 100% hợp đồng lao động đúng quy định | L14: 0.3 | O14: Đảm bảo 100% công văn đi - đến được chuyển đến đúng đơn vị theo phê duyệt của lãnh đạo | P14: 0.2 | Q14: Chi phí nhiên liệu sử dụng không vượt định mức được duyệt | R14: 0.15
B15: 5 | C15: Đảm bảo trình HĐQT phê duyệt kế hoạch lao động tiền lương và quyết toán tiền lương năm trước trước 31/3/2026 | D15: 0.25 | G15: Đảm bảo trình HĐQT phê duyệt kế hoạch lao động tiền lương và quyết toán tiền lương năm trước trước 31/3/2026 | H15: 0.2 | M15: Đảm bảo trình HĐQT phê duyệt kế hoạch lao động tiền lương và quyết toán tiền lương năm trước trước 31/3/2026 | N15: 0.3 | Q15: 100% chuyến đi được ghi chép đầy đủ trong nhật ký hành trình | R15: 0.2
C16: TÀI CHÍNH (F) | D16: 0.3
B17: 1 | C17: Chi phí Văn phòng phẩm (bộ phận văn phòng công ty) giảm 2% so với quý 1 năm trước | D17: 0.5 | M17: Chi phí Văn phòng phẩm (bộ phận văn phòng công ty) giảm 2% so với quý 1 năm trước | N17: 0.25 | O17: Chi phí Văn phòng phẩm (bộ phận văn phòng công ty) giảm 2% so với quý 1 năm trước | P17: 0.2
B18: 2 | C18: Sản lượng tiêu thụ điện Q1 không cao hơn Q1 năm trước | D18: 0.5 | E18: Sản lượng tiêu thụ điện Q1 không cao hơn Q1 năm trước | F18: 0.15 | I18: Đảm bảo 100% tham mưu pháp lý cho HĐQT, Ban Điều hành | J18: 0.15 | O18: Sản lượng tiêu thụ điện Q1 không cao hơn Q1 năm trước | P18: 0.2
C19: KHÁCH HÀNG (C) | D19: 0.15
B20: 1 | C20: Không quá 1 lần phàn nàn của khách hàng về thái độ tiếp xúc, chăm sóc khách hàng của Bộ phận Call Center | D20: 0.3 | G20: Không quá 1 lần phàn nàn của khách hàng về thái độ tiếp xúc, chăm sóc khách hàng của Bộ phận Call Center | S20: Không quá 1 lần có phàn nàn của khách hàng về thái độ tiếp xúc, chăm sóc khách hàng của Bộ phận Call Center | T20: 0.2
B21: 2 | C21: Thời gian xử lý đơn khiếu nại của KH (có báo cáo bằng văn bản) trung bình không quá 05 ngày làm việc kể từ ngày tiếp nhận đơn | D21: 0.3 | I21: Thời gian xử lý đơn khiếu nại của KH (có báo cáo bằng văn bản) trung bình không quá 05 ngày làm việc kể từ ngày tiếp nhận đơn | J21: 0.2 | S21: Không có trường hợp chậm trễ trong việc tiếp nhận và chuyển tiếp thông tin khiếu nại | T21: 0.35
B22: 3 | C22: Tỷ lệ phản ánh về chất lượng dịch vụ giảm 5% so với tổng phản ánh quý 1 năm trước | D22: 0.2 | G22: Tỷ lệ phản ánh về chất lượng dịch vụ giảm 5% so với tổng phản ánh năm trước | H22: 0.15 | S22: Tỷ lệ phản ánh về chất lượng dịch vụ giảm 5% so với tổng phản ánh năm trước | T22: 0.2
B23: 4 | C23: Đảm bảo 20% hồ sơ (hồ sơ nhân sự) được số hoá trước 31/03/2026 | D23: 0.2 | K23: Đảm bảo 20% hồ sơ (hồ sơ nhân sự) được số hoá trước 31/03/2026 | L23: 0.2 | S23: Không có trường hợp KH phàn nàn vì cuộc gọi nhỡ do yếu tố chủ quan | T23: 0.25
C24: PHÁT TRIỂN (L) | D24: 0.15
B25: 1 | C25: Hoàn thành bảng định chuẩn chức danh trước 31/3/2026 | D25: 1 | E25: Hoàn thành báo cáo kiểm tra tuân thủ nội quy lao động trước ngày 02 hàng tháng | F25: 0.1 | G25: =C25 -> Hoàn thành bảng định chuẩn chức danh trước 31/3/2026 | H25: 0.15 | K25: Đảm bảo hoàn thành xây dựng bảng theo dõi công việc của nhóm công nhân chăm sóc trước 31/3/2026 | L25: 0.2 | M25: Hoàn thành bảng định chuẩn chức danh trước 31/3/2026 | N25: 0.2
C26: TOTAL | D26: =D10+D16+D19+D24 -> 1 | F26: =SUM(F11:F25) -> 1 | H26: =SUM(H11:H25) -> 1 | J26: =SUM(J11:J25) -> 1 | L26: =SUM(L11:L25) -> 1 | N26: =SUM(N11:N25) -> 1 | P26: =SUM(P11:P25) -> 1 | R26: =SUM(R11:R25) -> 1 | T26: =SUM(T11:T25) -> 1
C28: Người lập (Prepared by) | I28: Xem xét (Checked by) | R28: Phê duyệt (Approved by)
C35: Ngày (Date) ....../....../...... | I35: Ngày (Date) ....../....../......

Sheet Bảng xác nhận KPI - Quý 2
C1: CÔNG TY CỔ PHẦN CẤP NƯỚC ĐÀ NẴNG
B2: BẢNG XÁC NHẬN KẾT QUẢ KPI BAN HÀNH CHÍNH NHÂN SỰ - QUÝ 2/NĂM 2026 Nếu đúng thì dấu ✔, Sai thì điền số liệu đúng vào
B4: STT | C4: Mục tiêu | D4: Trọng số (%) | E4: Tiêu chí đánh giá | F4: Phương pháp đo | G4: Thời điểm ghi nhận | H4: Nguồn chứng minh | I4: ĐVT | J4: Kế hoạch (KH) | K4: Thực hiện (TH) | L4: Ban Kế hoạch | M4: Ban Kỹ thuật | N4: Ban Tài chính - Kế toán | O4: Ban HCNS | P4: Trung tâm CNTT | Q4: XNCN KV I | R4: XNCN KV II | S4: XNCN KV III | T4: XNCN KV IV
C5: VẬN HÀNH (B) | D5: 0.4
B6: 1 | C6: Hoàn thành 95% các công việc theo phiếu giao việc, thông báo họp giao ban và thông báo khác của Ban Tổng giám đốc giao | D6: 0.25 | E6: Tỷ lệ hoàn thành các công việc theo Ban TGĐ giao (trong cuộc họp giao ban) thực tế | F6: TH ≥ KH, KPI = 100% TH < KH, KPI = 0 | G6: 46203 | H6: Ban Kế hoạch chủ trì, phối hợp với Ban TCKT, Ban HCNS, Ban Kỹ thuật,… | I6: % | J6: 0.95 | K6: 1
B7: 2 | C7: Tỷ lệ văn bản, hồ sơ xử lý đúng hạn sau khi tiếp nhận văn bản ≥ 90%/tổng số lượng văn bản văn phòng điện tử tiếp nhận | D7: 0.25 | E7: Tỷ lệ văn bản, hồ sơ xử lý đúng hạn sau khi tiếp nhận văn bản/tổng số lượng văn bản văn phòng điện tử tiếp nhận thực tế | F7: TH < 80%: KPI= 0 TH ≥ 80%: TH/KH*100% Max KPI = 120% | G7: 46203 | H7: Ban HCNS báo cáo, Ban kế hoạch xác nhận | I7: % | J7: 0.9 | K7: 1
B8: 3 | C8: Đảm bảo 100% công văn đi đến được xử lý đúng hạn (tại giai đoạn theo chức năng Ban HCNS) | D8: 0.25 | E8: Số lần công văn đi đến xử lý trễ hạn (tại giai đoạn theo chức năng Ban HCNS) thực tế | F8: TH = 0, KPI = 100% TH ≥ 1, KPI = 0% | G8: 46203 | H8: Báo cáo của Ban HCNS | I8: Lần | J8: 0 | K8: 0
B9: 4 | C9: Đảm bảo tuân thủ 100% chế độ chính sách quy định Luật Lao động (HĐLĐ, Chế độ nghỉ hưu, nghỉ trước tuổi, nâng lương,…) | D9: 0.25 | E9: Số lần vi phạm thực hiện chế độ chính sách quy định Luật Lao động (HĐLĐ, Chế độ nghỉ hưu, nghỉ trước tuổi, nâng lương,…) | F9: TH = 0, KPI = 100% TH ≥ 1, KPI = 0% | G9: 46203 | H9: Báo cáo của Ban HCNS, Ban TCKT xác nhận | I9: Lần | J9: 0 | K9: 0
C10: TÀI CHÍNH (F) | D10: 0.3
B11: 1 | C11: Chi phí Văn phòng phẩm (bộ phận văn phòng công ty) quý 2/26 không vượt quá so với quý 2 năm trước | D11: 0.5 | E11: Chi phí VVP (bộ phận VP Công ty) quý 2/26 so với quý 2 năm 2025 thực tế | F11: TH ≤ KH: KPI = 100% TH > KH: KPI = 0% Max KPI = 120% | G11: 46203 | H11: Ban TCKT xác nhận | I11: % | J11: 1 | K11: 0.9859
B12: 2 | C12: Kinh phí Đào tạo không vượt quá kế hoạch được duyệt | D12: 0.5 | E12: Tỷ lệ kinh phí đào tạo so với kế hoạch đào tạo được duyệt trong năm thực tế | F12: TH ≤ KH: KPI = 100% TH > KH: KPI =0% | G12: 46203 | H12: Báo cáo của Ban HCNS, Ban TCKT xác nhận | I12: % | J12: 1 | K12: 1
C13: KHÁCH HÀNG (C) | D13: 0.15
B14: 1 | C14: Không quá 1 lần/ người/ quý phàn nàn của khách hàng về thái độ tiếp xúc, chăm sóc khách hàng của Bộ phận Call Center | D14: 0.25 | E14: Số lần phàn nàn của khách hàng về thái độ tiếp xúc, chăm sóc khách hàng của Bộ phận Call Center | F14: TH ≤ KH: KPI = 100% TH > KH: KPI = 0% | G14: 46203 | H14: Ban HCNS xác nhận | I14: Lần | J14: 1 | K14: 1
B15: 2 | C15: Trình HĐQT/ Tổng Giám đốc phương án, cách thức khảo sát mức độ hài lòng của khách hàng hạn cuối 30/6/2026 | D15: 0.1 | E15: Thời gian trình phương án, cách thức khảo sát mức độ hài lòng của KH | F15: TH ≤ KH, KPI = 100% TH > KH, KPI = 0% | G15: 46203 | H15: Ban HCNS xác nhận dựa trên phương án trình | I15: Ngày | J15: 46203 | K15: 46203
B16: 3 | C16: Thời gian xử lý đơn khiếu nại của KH (có báo cáo bằng văn bản) trung bình không quá 05 ngày làm việc kể từ ngày tiếp nhận đơn | D16: 0.3 | E16: Trung bình thời gian xử lý đơn khiếu nại của KH (có báo cáo bằng văn bản) kể từ ngày tiếp nhận đơn | F16: TH ≤ KH: KPI = KH/TH*100% TH > KH: KPI = 0% Max KPI = 120% | G16: 46203 | H16: HCNS báo cáo, các XN liên quan xác nhận | I16: Ngày | J16: 5 | K16: 5
B17: 4 | C17: Tỷ lệ phản ánh về chất lượng dịch vụ giảm 5% so với tổng phản ánh quý 2 năm trước | D17: 0.15 | E17: Tỷ lệ giảm phản ánh về chất lượng dịch vụ so với tổng số phản ánh quý 2 năm trước | F17: TH ≥ 80%KH: KPI = TH/KH*100% TH < 80%KH: KPI = 0% Max KPI = 120% | G17: 46203 | H17: HCNS báo cáo, các XN liên quan xác nhận | I17: % | J17: 0.05 | K17: 0.37
B18: 5 | C18: Đảm bảo 20% hồ sơ nhân sự được số hoá thêm trong quý 2 (Lũy kế hết quý 2 là 40%) | D18: 0.2 | E18: Tỷ lệ hồ sơ nhân sự được số hoá thực tế trong quý 2 năm 2026 | F18: TH < KH: KPI = 0% TH ≥ KH: KPI = TH/KH*100% | G18: 46203 | H18: TT CNTT xác nhận | I18: % | J18: 0.2 | K18: 0.2
C19: PHÁT TRIỂN (L) | D19: 0.15
B20: 1 | C20: Trình phương án Xây dựng hệ thống khung bậc lương hạn cuối 30/6/2026 | D20: 0.5 | E20: Thời gian trình phương án Xây dựng hệ thống khung bậc lương | F20: TH ≤ KH, KPI = 100% TH > KH, KPI = 0% | G20: 46203 | H20: Ban KPI | I20: Ngày | J20: 46203 | K20: 46203
B21: 2 | C21: Tổ chức 01 khóa đào tạo | D21: 0.5 | E21: Số khoá đào tạo được tổ chức | F21: TH ≥ KH, KPI = 100% TH < KH, KPI = 0 | G21: 46203 | H21: HCNS báo cáo, Ban Kế hoạch xác nhận | I21: Khoá đào tạo | J21: 1 | K21: 1
B22: CHỮ KÝ XÁC NHẬN | D22: =D5+D10+D13+D19 -> 1
C24: Xác nhận của Trưởng đơn vị

Sheet Bảng xác nhận KPI (ĐK thêm)-Q2
D1: CÔNG TY CỔ PHẦN CẤP NƯỚC ĐÀ NẴNG
B2: BẢNG XÁC NHẬN KẾT QUẢ KPI BAN HÀNH CHÍNH - NHÂN SỰ - QUÝ 2/NĂM 2026 - MỤC TIÊU ĐĂNG KÝ THÊM Nếu đúng thì dấu ✔, Sai thì điền số liệu đúng vào
B4: STT | C4: Họ và tên | D4: Mục tiêu đánh giá | E4: Phương pháp đo | F4: Nguồn chứng minh | G4: ĐVT | H4: Kế hoạch (KH) | I4: Thực hiện (TH) | J4: Ban Kỹ thuật | K4: Ban Tài chính - Kế toán | L4: Ban HCNS | M4: XNCN KV I | N4: XNCN KV II | O4: XNCN KV III | P4: XNCN KV IV
B5: 1 | C5: Nguyễn Văn Vinh | D5: Đảm bảo tuân thủ 100% quy định về PCCC, ATVSLĐ | E5: TH = 0, KPI = 100% TH ≥ 1, KPI = 0% | F5: Ban HCNS | G5: Lần | H5: 0 | I5: 0
D6: Hoàn thành báo cáo kiểm tra tuân thủ nội quy lao động trước ngày 02 hàng tháng | E6: TH = 0, KPI = 100% TH ≥ 1, KPI = 0% | F6: Ban HCNS | G6: Lần | H6: 0 | I6: 0
B7: 2 | C7: Đặng Nguyễn Hoài Nhi | D7: Không quá 1 lần sai sót/chậm trễ trong việc tính lương, thực hiện chế độ chính sách cho người lao động hoặc báo cáo số liệu liên quan cho Giám đốc ban/các đơn vị | E7: TH ≤ KH, KPI = 100% TH > KH, KPI = 0% | F7: Ban HCNS Tổng hợp báo cáo, Ban TCKT xác nhận | G7: Lần | H7: 1 | I7: 1
B8: 3 | C8: Bùi Thị Ánh Minh | D8: Đảm bảo 100% tham mưu pháp lý cho HĐQT, Ban Điều hành | E8: TH ≥ KH, KPI = 100% TH < KH, KPI = 0 | F8: Ban HCNS báo cáo | G8: % | H8: 1 | I8: 1
B9: 4 | C9: Trương Thị Ý Nhi | D9: Kiểm soát tiến độ xử lý văn bản, hồ sơ đúng hạn đạt 100% | E9: TH = 0, KPI = 100% TH ≥ 1, KPI = 0% | F9: Ban HCNS | G9: Lần | H9: 0 | I9: 0
D10: Đảm bảo theo dõi, ký mới và gia hạn 100% hợp đồng lao động đúng quy định | E10: TH = 0, KPI = 100% TH ≥ 1, KPI = 0% | F10: Ban HCNS | G10: Lần | H10: 0 | I10: 0
B11: 5 | C11: Huỳnh Thị Hoài Trang | D11: 100% hồ sơ, công văn được lưu trữ đúng quy định (nơi nhận, thời hạn…) | E11: TH = 0, KPI = 100% TH ≥ 1, KPI = 0% | F11: Ban HCNS | G11: Lần | H11: 0 | I11: 0
D12: Đảm bảo 100% công văn đi - đến được chuyển đến đúng đơn vị theo phê duyệt của lãnh đạo | E12: TH = 0, KPI = 100% TH ≥ 1, KPI = 0% | F12: Ban HCNS | G12: Lần | H12: 0 | I12: 0
B13: 6 | C13: Hồ Minh Khiêm | D13: Đảm bảo không vi phạm Luật ATGT | E13: TH = 0, KPI = 100% TH ≥ 1, KPI = 0% | F13: Ban HCNS | G13: Lần | H13: 0 | I13: 0
D14: Đảm bảo 100% phương tiện được bảo dưỡng, đăng kiểm, mua bảo hiểm đúng kế hoạch | E14: TH ≥ KH, KPI = 100% TH < KH, KPI = 0 | F14: Ban HCNS | G14: % | H14: 1 | I14: 1
D15: Đảm bảo 100% phương tiện luôn sẵn sàng phục vụ (sạch sẽ, nhiên liệu, giấy tờ, thời gian đưa - đón lãnh đạo,…) | E15: TH = 0, KPI = 100% TH ≥ 1, KPI = 0% | F15: Ban HCNS | G15: Lần | H15: 0 | I15: 0
D16: Chi phí nhiên liệu sử dụng không vượt định mức được duyệt | E16: TH <= KH: KPI = 100% TH > KH: KPI =0% | F16: Ban HCNS báo cáo, Ban Kỹ thuật xác nhận | G16: % | H16: 1 | I16: 1
D17: 100% chuyến đi được ghi chép đầy đủ trong nhật ký hành trình | E17: TH = 0, KPI = 100% TH ≥ 1, KPI = 0% | F17: Ban HCNS | G17: Lần | H17: 0 | I17: 0
B18: 7 | C18: Nguyễn Nam Long | D18: Đảm bảo không vi phạm Luật ATGT | E18: TH = 0, KPI = 100% TH ≥ 1, KPI = 0% | F18: Ban HCNS | G18: Lần | H18: 0 | I18: 0
D19: Đảm bảo 100% phương tiện được bảo dưỡng, đăng kiểm, mua bảo hiểm đúng kế hoạch | E19: TH ≥ KH, KPI = 100% TH < KH, KPI = 0 | F19: Ban HCNS | G19: % | H19: 1 | I19: 1
D20: Đảm bảo 100% phương tiện luôn sẵn sàng phục vụ (sạch sẽ, nhiên liệu, giấy tờ, thời gian đưa - đón lãnh đạo,…) | E20: TH = 0, KPI = 100% TH ≥ 1, KPI = 0% | F20: Ban HCNS | G20: Lần | H20: 0 | I20: 0
D21: Chi phí nhiên liệu sử dụng không vượt định mức được duyệt | E21: TH <= KH: KPI = 100% TH > KH: KPI =0% | F21: Ban HCNS báo cáo, Ban Kỹ thuật xác nhận | G21: % | H21: 1 | I21: 1
D22: 100% chuyến đi được ghi chép đầy đủ trong nhật ký hành trình | E22: TH = 0, KPI = 100% TH ≥ 1, KPI = 0% | F22: Ban HCNS | G22: Lần | H22: 0 | I22: 0
B23: 8 | C23: Hoàng Thị Mỹ Dung | D23: Không có trường hợp chậm trễ trong việc tiếp nhận và chuyển tiếp thông tin khiếu nại | E23: TH = 0, KPI = 100% TH ≥ 1, KPI = 0% | F23: Ban HCNS | G23: Lần | H23: 0 | I23: 0
D24: Không có trường hợp KH phàn nàn vì cuộc gọi nhỡ do yếu tố chủ quan | E24: TH = 0, KPI = 100% TH ≥ 1, KPI = 0% | F24: Ban HCNS | G24: Lần | H24: 0 | I24: 0
D25: Không quá 1 lần sai sót trong việc phân loại phản ánh khách hàng trên phần mềm CallCenter | E25: TH ≤ KH: KPI = 100% TH > KH: KPI = 0% | F25: Các XNCN xác nhận | G25: Lần | H25: 1 | I25: 0
B26: 9 | C26: Hoàng Thị Mỹ Dung | D26: Không có trường hợp chậm trễ trong việc tiếp nhận và chuyển tiếp thông tin khiếu nại | E26: TH = 0, KPI = 100% TH ≥ 1, KPI = 0% | F26: Ban HCNS | G26: Lần | H26: 0 | I26: 0
D27: Không có trường hợp KH phàn nàn vì cuộc gọi nhỡ do yếu tố chủ quan | E27: TH = 0, KPI = 100% TH ≥ 1, KPI = 0% | F27: Ban HCNS | G27: Lần | H27: 0 | I27: 0
D28: Không quá 1 lần sai sót trong việc phân loại phản ánh khách hàng trên phần mềm CallCenter | E28: TH ≤ KH: KPI = 100% TH > KH: KPI = 0% | F28: Các XNCN xác nhận | G28: Lần | H28: 1 | I28: 0
B29: 10 | C29: Nguyễn Thanh Bình | D29: Không có trường hợp chậm trễ trong việc tiếp nhận và chuyển tiếp thông tin khiếu nại | E29: TH = 0, KPI = 100% TH ≥ 1, KPI = 0% | F29: Ban HCNS | G29: Lần | H29: 0 | I29: 0
D30: Không có trường hợp KH phàn nàn vì cuộc gọi nhỡ do yếu tố chủ quan | E30: TH = 0, KPI = 100% TH ≥ 1, KPI = 0% | F30: Ban HCNS | G30: Lần | H30: 0 | I30: 0
D31: Không quá 1 lần sai sót trong việc phân loại phản ánh khách hàng trên phần mềm CallCenter | E31: TH ≤ KH: KPI = 100% TH > KH: KPI = 0% | F31: Các XNCN xác nhận | G31: Lần | H31: 1 | I31: 0
B32: 11 | C32: Thái Thu Lê | D32: Không có trường hợp chậm trễ trong việc tiếp nhận và chuyển tiếp thông tin khiếu nại | E32: TH = 0, KPI = 100% TH ≥ 1, KPI = 0% | F32: Ban HCNS | G32: Lần | H32: 0 | I32: 0
D33: Không có trường hợp KH phàn nàn vì cuộc gọi nhỡ do yếu tố chủ quan | E33: TH = 0, KPI = 100% TH ≥ 1, KPI = 0% | F33: Ban HCNS | G33: Lần | H33: 0 | I33: 0
D34: Không quá 1 lần sai sót trong việc phân loại phản ánh khách hàng trên phần mềm CallCenter | E34: TH ≤ KH: KPI = 100% TH > KH: KPI = 0% | F34: Các XNCN xác nhận | G34: Lần | H34: 1 | I34: 0
B35: 12 | C35: Phạm Thùy Tuyết | D35: Không có trường hợp chậm trễ trong việc tiếp nhận và chuyển tiếp thông tin khiếu nại | E35: TH = 0, KPI = 100% TH ≥ 1, KPI = 0% | F35: Ban HCNS | G35: Lần | H35: 0 | I35: 0
D36: Không có trường hợp KH phàn nàn vì cuộc gọi nhỡ do yếu tố chủ quan | E36: TH = 0, KPI = 100% TH ≥ 1, KPI = 0% | F36: Ban HCNS | G36: Lần | H36: 0 | I36: 0
D37: Không quá 1 lần sai sót trong việc phân loại phản ánh khách hàng trên phần mềm CallCenter | E37: TH ≤ KH: KPI = 100% TH > KH: KPI = 0% | F37: Các XNCN xác nhận | G37: Lần | H37: 1 | I37: 0
B38: CHỮ KÝ XÁC NHẬN
C40: Xác nhận của Trưởng đơn vị

Sheet Bảng tổng hợp kết quả KPI Q2
A1: Công ty Cổ phần Cấp nước Đà Nẵng
A3: BẢNG TỔNG HỢP KẾT QUẢ KPI QUÝ 2.2026 BAN HÀNH CHÍNH - NHÂN SỰ
A4: STT | B4: Họ và tên CB - CNV | C4: Mã NLĐ | D4: Kết quả KPI
A5: 1 | B5: Phạm Thị Quế Chi | C5: 0033 | D5: ='A7.13.KPI Quan ly.Q2'!N15 -> 1.02205
A6: =A5+1 -> 2 | B6: Bùi Thị Ánh Minh | C6: 0537 | D6: ='3.KPI Q2.PGĐ(NS-PC)'!N25 -> 0.97645
A7: =A6+1 -> 3 | B7: Nguyễn Văn Vinh | C7: 0267 | D7: ='1.KPI Q2.PGĐ Ban(HC-TS-ATNB'!N24 -> 0.91445
A8: =A7+1 -> 4 | B8: Đặng Nguyễn Hoài Nhi | C8: 0036 | D8: ='2.KPI Q2.PGĐ(CSKH-LĐ TL)'!N25 -> 0.92645
A9: =A8+1 -> 5 | B9: Huỳnh Thị Hoài Trang | C9: 0035 | D9: ='5.KPI Q2.NV VTLT'!N24 -> 1.00245
A10: =A9+1 -> 6 | B10: Nguyễn Nam Long | C10: 0281 | D10: ='6.KPI Q2.NV Lai xe (1)'!N24 -> 1.00245
A11: =A10+1 -> 7 | B11: Hồ Minh Khiêm | C11: 0039 | D11: ='6.KPI Q2.NV Lai xe (2)'!N24 -> 1.00245
A12: =A11+1 -> 8 | B12: Nguyễn Thị Quỳnh Như | C12: 0564 | D12: ='4.2.KPI Q2.NV HCNS-Nhu'!N23 -> 0.90245
A13: =A12+1 -> 9 | B13: Trương Thị Ý Nhi | C13: 0576 | D13: ='4.1.KPI Q2.NV HCNS-Nhi'!N23 -> 1.00245
A14: =A13+1 -> 10 | B14: Hoàng Thị Mỹ Dung | C14: 0097 | D14: ='7.KPI Q2.NV CSKH (4NV) (4)'!N24 -> 0.97645
A15: =A14+1 -> 11 | B15: Thái Thu Lê | C15: 0100 | D15: ='7.KPI Q2.NV CSKH (4NV) (2)'!N24 -> 0.97645
A16: =A15+1 -> 12 | B16: Phạm Thùy Tuyết | C16: 0101 | D16: ='7.KPI Q2.NV CSKH (4NV) (1)'!N24 -> 0.97645
A17: =A16+1 -> 13 | B17: Nguyễn Thanh Bình | C17: 0102 | D17: ='7.KPI Q2.NV CSKH (4NV) (3)'!N24 -> 0.97645
B19: Người lập | C19: Giám đốc Ban HCNS

Sheet A7.9.KPI Ban HCNS Quy 2.26
B2: Dự án: | C2: XÂY DỰNG HỆ THỐNG ĐÁNH GIÁ HIỆU QUẢ CÔNG VIỆC
B3: Yêu cầu: | C3: CÔNG TY CỔ PHẦN CẤP NƯỚC ĐÀ NẴNG
B4: Tư vấn: | C4: BrainMark Vietnam
B6: A7.9 | C6: KPI BAN HCNS - QUÝ 2/NĂM 2026
B8: STT | C8: Mục tiêu | D8: Trọng số (%) | E8: Tiêu chí đánh giá | F8: Phương pháp đo | G8: Thời điểm ghi nhận | H8: Nguồn chứng minh | I8: ĐVT | J8: Kế hoạch (KH) | K8: Thực hiện (TH) | L8: Hoàn thành | M8: Kết quả KPI
C9: VẬN HÀNH (B) | D9: 0.4 | M9: =SUM(M10:M13)*D9 -> 0.42
B10: 1 | C10: Hoàn thành 95% các công việc theo phiếu giao việc, thông báo họp giao ban và thông báo khác của Ban Tổng giám đốc giao | D10: 0.25 | E10: Tỷ lệ hoàn thành các công việc theo Ban TGĐ giao (trong cuộc họp giao ban) thực tế | F10: TH ≥ KH, KPI = 100% TH < KH, KPI = 0 | G10: 46203 | H10: Ban Kế hoạch chủ trì, phối hợp với Ban TCKT, Ban HCNS, Ban Kỹ thuật,… | I10: % | J10: 0.95 | K10: 1 | L10: =IF(LEN(K10)=0,"",IF(K10>=J10,100%,0%)) -> 1 | M10: =IFERROR(L10*D10,"") -> 0.25 | N10: Hoài Nhi, Ánh Minh
B11: 2 | C11: Tỷ lệ văn bản, hồ sơ xử lý đúng hạn sau khi tiếp nhận văn bản ≥ 90%/tổng số lượng văn bản văn phòng điện tử tiếp nhận | D11: 0.25 | E11: Tỷ lệ văn bản, hồ sơ xử lý đúng hạn sau khi tiếp nhận văn bản/tổng số lượng văn bản văn phòng điện tử tiếp nhận thực tế | F11: TH < 80%: KPI= 0 TH ≥ 80%: TH/KH*100% Max KPI = 120% | G11: 46203 | H11: Ban HCNS báo cáo, Ban kế hoạch xác nhận | I11: % | J11: 0.9 | K11: 1 | L11: =IF(LEN(K11)=0,"",IF(AND(K11>=J11,K11<100%),100%,IF(K11=100%,120%,0%))) -> 1.2 | M11: =IFERROR(L11*D11,"") -> 0.3 | N11: Vinh, Ánh Minh
B12: 3 | C12: Đảm bảo 100% công văn đi đến được xử lý đúng hạn (tại giai đoạn theo chức năng Ban HCNS) | D12: 0.25 | E12: Số lần công văn đi đến xử lý trễ hạn (tại giai đoạn theo chức năng Ban HCNS) thực tế | F12: TH = 0, KPI = 100% TH ≥ 1, KPI = 0% | G12: 46203 | H12: Báo cáo của Ban HCNS | I12: Lần | J12: 0 | K12: 0 | L12: =IF(LEN(K12)=0,"",IF(K12=J12,1,0)) -> 1 | M12: =IFERROR(L12*D12,"") -> 0.25 | N12: Trang, Ánh Minh
B13: 4 | C13: Đảm bảo tuân thủ 100% chế độ chính sách quy định Luật Lao động (HĐLĐ, Chế độ nghỉ hưu, nghỉ trước tuổi, nâng lương,…) | D13: 0.25 | E13: Số lần vi phạm thực hiện chế độ chính sách quy định Luật Lao động (HĐLĐ, Chế độ nghỉ hưu, nghỉ trước tuổi, nâng lương,…) | F13: TH = 0, KPI = 100% TH ≥ 1, KPI = 0% | G13: 46203 | H13: Báo cáo của Ban HCNS, Ban TCKT xác nhận | I13: Lần | J13: 0 | K13: 0 | L13: =IF(LEN(K13)=0,"",IF(K13=J13,1,0)) -> 1 | M13: =IFERROR(L13*D13,"") -> 0.25 | N13: Hoài Nhi, Ý Nhi (HĐLĐ)
C14: TÀI CHÍNH (F) | D14: 0.3 | M14: =SUM(M15:M16)*D14 -> 0.3
B15: 1 | C15: Chi phí Văn phòng phẩm (bộ phận văn phòng công ty) quý 2/26 không vượt quá so với quý 2 năm trước | D15: 0.5 | E15: Chi phí VVP (bộ phận VP Công ty) quý 2/26 so với quý 2 năm 2025 thực tế | F15: TH ≤ KH: KPI = 100% TH > KH: KPI = 0% Max KPI = 120% | G15: 46203 | H15: Ban TCKT xác nhận | I15: % | J15: 1 | K15: 0.9859 | L15: =IF(LEN(K15)=0,"",IF(K15<J15,100%,0)) -> 1 | M15: =IFERROR(L15*D15,"") -> 0.5 | N15: Trang, Như
B16: 2 | C16: Kinh phí Đào tạo không vượt quá kế hoạch được duyệt | D16: 0.5 | E16: Tỷ lệ kinh phí đào tạo so với kế hoạch đào tạo được duyệt trong năm thực tế | F16: TH ≤ KH: KPI = 100% TH > KH: KPI =0% | G16: 46203 | H16: Báo cáo của Ban HCNS, Ban TCKT xác nhận | I16: % | J16: 1 | K16: 1 | L16: =IF(LEN(K16)=0,"",IF(K16<=J16,1,0)) -> 1 | M16: =IFERROR(L16*D16,"") -> 0.5 | N16: Vinh, Như
C17: KHÁCH HÀNG (C) | D17: 0.15 | M17: =SUM(M18:M22)*D17 -> 0.1545
B18: 1 | C18: Không quá 1 lần/ người/ quý phàn nàn của khách hàng về thái độ tiếp xúc, chăm sóc khách hàng của Bộ phận Call Center | D18: 0.25 | E18: Số lần phàn nàn của khách hàng về thái độ tiếp xúc, chăm sóc khách hàng của Bộ phận Call Center | F18: TH ≤ KH: KPI = 100% TH > KH: KPI = 0% | G18: 46203 | H18: Ban HCNS xác nhận | I18: Lần | J18: 1 | K18: 0 | L18: =IF(LEN(K18)=0,"",IF(K18<=J18,1,0)) -> 1 | M18: =IFERROR(L18*D18,"") -> 0.25 | N18: call
B19: 2 | C19: Trình HĐQT/ Tổng Giám đốc phương án, cách thức khảo sát mức độ hài lòng của khách hàng hạn cuối 30/6/2026 | D19: 0.1 | E19: Thời gian trình phương án, cách thức khảo sát mức độ hài lòng của KH | F19: TH ≤ KH, KPI = 100% TH > KH, KPI = 0% | G19: 46203 | H19: Ban HCNS xác nhận dựa trên phương án trình | I19: Ngày | J19: 46203 | K19: 46203 | L19: =IF(LEN(K19)=0,"",IF(K19<=J19,1,0)) -> 1 | M19: =IFERROR(L19*D19,"") -> 0.1 | N19: Ánh Minh, Hoài Nhi
B20: 3 | C20: Thời gian xử lý đơn khiếu nại của KH (có báo cáo bằng văn bản) trung bình không quá 05 ngày làm việc kể từ ngày tiếp nhận đơn | D20: 0.3 | E20: Trung bình thời gian xử lý đơn khiếu nại của KH (có báo cáo bằng văn bản) kể từ ngày tiếp nhận đơn | F20: TH ≤ KH: KPI = KH/TH*100% TH > KH: KPI = 0% Max KPI = 120% | G20: 46203 | H20: HCNS báo cáo, các XN liên quan xác nhận | I20: Ngày | J20: 5 | K20: 5 | L20: =IF(LEN(K20)=0,"",IF(K20>J20,0,MIN(120%,J20/K20*100%))) -> 1 | M20: =IFERROR(L20*D20,"") -> 0.3 | N20: Ánh Minh, Trang
B21: 4 | C21: Tỷ lệ phản ánh về chất lượng dịch vụ giảm 5% so với tổng phản ánh quý 2 năm trước | D21: 0.15 | E21: Tỷ lệ giảm phản ánh về chất lượng dịch vụ so với tổng số phản ánh quý 2 năm trước | F21: TH ≥ 80%KH: KPI = TH/KH*100% TH < 80%KH: KPI = 0% Max KPI = 120% | G21: 46203 | H21: HCNS báo cáo, các XN liên quan xác nhận | I21: % | J21: 0.05 | K21: 0.37 | L21: =IF(LEN(K21)=0,"",IF(K21<J21*80%,0,MIN(120%,K21/J21*100%))) -> 1.2 | M21: =IFERROR(L21*D21,"") -> 0.18 | N21: Hoài Nhi, call
B22: 5 | C22: Đảm bảo 20% hồ sơ nhân sự được số hoá thêm trong quý 2 (Lũy kế hết quý 2 là 40%) | D22: 0.2 | E22: Tỷ lệ hồ sơ nhân sự được số hoá thực tế trong quý 2 năm 2026 | F22: TH < KH: KPI = 0% TH ≥ KH: KPI = TH/KH*100% | G22: 46203 | H22: TT CNTT xác nhận | I22: % | J22: 0.2 | K22: 0.2 | L22: =IF(LEN(K22)=0,"",IF(K22<J22,0,MIN(120%,K22/J22*100%))) -> 1 | M22: =IFERROR(L22*D22,"") -> 0.2 | N22: Ý Nhi
C23: PHÁT TRIỂN (L) | D23: 0.15 | M23: =SUM(M24:M25)*D23 -> 0.15
B24: 1 | C24: Trình phương án Xây dựng hệ thống khung bậc lương hạn cuối 30/6/2026 | D24: 0.5 | E24: Thời gian trình phương án Xây dựng hệ thống khung bậc lương | F24: TH ≤ KH, KPI = 100% TH > KH, KPI = 0% | G24: 46203 | H24: Ban KPI | I24: Ngày | J24: 46203 | K24: 46203 | L24: =IF(LEN(K24)=0,"",IF(K24<=J24,1,0)) -> 1 | M24: =IFERROR(L24*D24,"") -> 0.5 | N24: Hoài Nhi, Ý Nhi, Như
B25: 2 | C25: Tổ chức 01 khóa đào tạo | D25: 0.5 | E25: Số khoá đào tạo được tổ chức | F25: TH ≥ KH, KPI = 100% TH < KH, KPI = 0 | G25: 46203 | H25: HCNS báo cáo, Ban Kế hoạch xác nhận | I25: Khoá đào tạo | J25: 1 | K25: 1 | L25: =IF(LEN(K25)=0,"",IF(K25>=J25,1,0)) -> 1 | M25: =IFERROR(L25*D25,"") -> 0.5 | N25: Vinh, Như
B26: TỔNG: | D26: =D9+D14+D17+D23 -> 1 | M26: =SUM(M9,M14,M17,M23) -> 1.0245
C28: Người lập | F28: Giám đốc đơn vị | J28: Phê duyệt
C35: Ngày (Date) ....../....../...... | F35: Ngày (Date) ....../....../...... | K35: Ngày (Date) ....../....../......

Sheet A7.13.KPI Quan ly.Q2
B2: Dự án: | C2: XÂY DỰNG HỆ THỐNG ĐÁNH GIÁ HIỆU QUẢ CÔNG VIỆC
B3: Yêu cầu: | C3: CÔNG TY CỔ PHẦN CẤP NƯỚC ĐÀ NẴNG
B4: Tư vấn: | C4: BrainMark Vietnam
B6: A7.13 | C6: KPI GIÁM ĐỐC BAN - QUÝ 2/2026
B7: Họ và tên: | C7: Phạm Thị Quế Chi | H7: Chức danh: | J7: Giám đốc Ban
B8: Mã NLĐ: | C8: 0033 | H8: Đơn vị: | J8: Ban HCNS
B10: Stt | C10: Mục tiêu đánh giá | D10: Trọng số | E10: Phương pháp đo | G10: Nguồn chứng minh | J10: ĐVT | K10: Kế hoạch (KH) | L10: Thực hiện (TH) | M10: Hoàn thành | N10: Kết quả KPI
B11: I | C11: KẾT QUẢ KPI ĐƠN VỊ | D11: 0.9 | N11: =N12 -> 0.92205
C12: Kết quả KPI Đơn vị | K12: 1 | L12: ='A7.9.KPI Ban HCNS Quy 2.26'!M26 -> 1.0245 | M12: =L12/K12*100% -> 1.0245 | N12: =M12*D11 -> 0.92205
B13: II | C13: THÁI ĐỘ HÀNH VI | D13: 0.1 | N13: =MIN(10%, MAX(0, D13+SUM(N14))) -> 0.1
C14: Không vi phạm | M14: =L14*-50% -> 0 | N14: =M14*D13 -> 0
C15: TỔNG CỘNG | N15: =N11+N13 -> 1.02205
B17: Người được đánh giá | D17: Giám đốc đơn vị | J17: Người kiểm tra/Phê duyệt
B24: Ngày (Date) ....../....../...... | E24: Ngày (Date) ....../....../...... | K24: Ngày (Date) ....../....../......

Sheet 1.KPI Q2.PGĐ Ban(HC-TS-ATNB
B2: Dự án: | C2: XÂY DỰNG HỆ THỐNG ĐÁNH GIÁ HIỆU QUẢ CÔNG VIỆC
B3: Yêu cầu: | C3: CÔNG TY CỔ PHẦN CẤP NƯỚC ĐÀ NẴNG
B4: Tư vấn: | C4: BrainMark Vietnam
B6: A7.14 | C6: KPI CÁ NHÂN - QUÝ 2/2026
B7: Họ và tên: | C7: Nguyễn Văn Vinh | F7: Chức danh: | G7: Phó Giám đốc Ban (Hành chính - Nội quy, Hành chính - Tài sản, An ninh - ATNB)
B8: Mã nhân viên: | C8: 0267 | F8: Đơn vị: | G8: Ban HCNS
B10: STT | C10: Mục tiêu đánh giá | D10: Trọng số | E10: Phương pháp đo | G10: Nguồn chứng minh | J10: ĐVT | K10: Kế hoạch (KH) | L10: Thực hiện (TH) | M10: Hoàn thành | N10: Kết quả KPI
B11: I | C11: KẾT QUẢ KPI ĐƠN VỊ | D11: 0.1 | N11: =N12 -> 0.10245
C12: Kết quả KPI Đơn vị | K12: 1 | L12: ='A7.9.KPI Ban HCNS Quy 2.26'!M26 -> 1.0245 | M12: =L12/K12*100% -> 1.0245 | N12: =M12*D11 -> 0.10245
B13: II | C13: MỤC TIÊU CÔNG VIỆC | D13: 0.8 | N13: =SUM(N15:N20)*D13 -> 0.712
B14: * | C14: Mục tiêu bắt buộc
B15: 1 | C15: ='A7.9.KPI Ban HCNS Quy 2.26'!C11 -> Tỷ lệ văn bản, hồ sơ xử lý đúng hạn sau khi tiếp nhận văn bản ≥ 90%/tổng số lượng văn bản văn phòng điện tử tiếp nhận | D15: 0.2 | E15: ='A7.9.KPI Ban HCNS Quy 2.26'!F11 -> TH < 80%: KPI= 0 TH ≥ 80%: TH/KH*100% Max KPI = 120% | G15: ='A7.9.KPI Ban HCNS Quy 2.26'!H11 -> Ban HCNS báo cáo, Ban kế hoạch xác nhận | J15: ='A7.9.KPI Ban HCNS Quy 2.26'!I11 -> % | K15: ='A7.9.KPI Ban HCNS Quy 2.26'!J11 -> 0.9 | L15: 1 | M15: =IF(LEN(L15)=0,"",IF(AND(L15>=D15,L15<100%),100%,IF(L15=100%,120%,0%))) -> 1.2 | N15: =IFERROR(M15*D15,"") -> 0.24
B16: 2 | C16: ='A7.9.KPI Ban HCNS Quy 2.26'!C16 -> Kinh phí Đào tạo không vượt quá kế hoạch được duyệt | D16: 0.2 | E16: ='A7.9.KPI Ban HCNS Quy 2.26'!F16 -> TH ≤ KH: KPI = 100% TH > KH: KPI =0% | G16: ='A7.9.KPI Ban HCNS Quy 2.26'!H16 -> Báo cáo của Ban HCNS, Ban TCKT xác nhận | J16: ='A7.9.KPI Ban HCNS Quy 2.26'!I16 -> % | K16: ='A7.9.KPI Ban HCNS Quy 2.26'!J16 -> 1 | L16: 1 | M16: =IF(LEN(L16)=0,"",IF(L16>K16,0,MIN(120%,K16/L16*100%))) -> 1 | N16: =IFERROR(M16*D16,"") -> 0.2
B17: 3 | C17: ='A7.9.KPI Ban HCNS Quy 2.26'!C25 -> Tổ chức 01 khóa đào tạo | D17: 0.25 | E17: ='A7.9.KPI Ban HCNS Quy 2.26'!F25 -> TH ≥ KH, KPI = 100% TH < KH, KPI = 0 | G17: ='A7.9.KPI Ban HCNS Quy 2.26'!H25 -> HCNS báo cáo, Ban Kế hoạch xác nhận | J17: ='A7.9.KPI Ban HCNS Quy 2.26'!I25 -> Khoá đào tạo | K17: ='A7.9.KPI Ban HCNS Quy 2.26'!J25 -> 1 | L17: 1 | M17: =IF(LEN(L17)=0,"",IF(L17>=K17,1,0)) -> 1 | N17: =IFERROR(M17*D17,"") -> 0.25
B18: * | C18: Mục tiêu đăng ký thêm | O18: Bỏ kiểm kê CCDC QUÝ 1
B19: 1 | C19: Đảm bảo tuân thủ 100% quy định về PCCC, ATVSLĐ | D19: 0.2 | E19: TH = 0, KPI = 100% TH ≥ 1, KPI = 0% | G19: Ban HCNS xác nhận | J19: Lần | K19: 0 | L19: 0 | M19: =IF(LEN(L19)=0,"",IF(L19<=K19,100%,0%)) -> 1 | N19: =IFERROR(M19*D19,"") -> 0.2
B20: 2 | C20: Hoàn thành báo cáo kiểm tra tuân thủ nội quy lao động trước ngày 02 hàng tháng | D20: 0.15 | E20: TH = 0, KPI = 100% TH ≥ 1, KPI = 0% | G20: Ban HCNS xác nhận | J20: Lần | K20: 0 | L20: 1 | M20: =IF(LEN(L20)=0,"",IF(L20<=K20,100%,0%)) -> 0 | N20: =IFERROR(M20*D20,"") -> 0
B21: III | C21: THÁI ĐỘ HÀNH VI | D21: 0.1 | N21: =MIN(10%, MAX(0, D21+SUM(N22))) -> 0.1
C22: Không vi phạm | M22: =L22*-50% -> 0 | N22: =M22*$D$21 -> 0
M23: =L23*-30% -> 0 | N23: =M23*$D$21 -> 0
C24: TỔNG CỘNG | N24: =N11+N13+N21 -> 0.91445
B27: Người được đánh giá | D27: Giám đốc đơn vị | J27: Người kiểm tra/Phê duyệt
B34: Ngày (Date) ....../....../...... | D34: Ngày (Date) ....../....../...... | J34: Ngày (Date) ....../....../......

Sheet 2.KPI Q2.PGĐ(CSKH-LĐ TL)
B2: Dự án: | C2: XÂY DỰNG HỆ THỐNG ĐÁNH GIÁ HIỆU QUẢ CÔNG VIỆC
B3: Yêu cầu: | C3: CÔNG TY CỔ PHẦN CẤP NƯỚC ĐÀ NẴNG
B4: Tư vấn: | C4: BrainMark Vietnam
B6: A7.14 | C6: KPI CÁ NHÂN - QUÝ2/2026
B7: Họ và tên: | C7: Đặng Nguyễn Hoài Nhi | I7: Chức danh: | J7: Phó Giám đốc Ban (CSKH - Lao động tiền lương)
B8: Mã nhân viên: | C8: 0036 | I8: Đơn vị: | J8: Ban HCNS
B10: STT | C10: Mục tiêu đánh giá | D10: Trọng số | E10: Phương pháp đo | G10: Nguồn chứng minh | J10: ĐVT | K10: Kế hoạch (KH) | L10: Thực hiện (TH) | M10: Hoàn thành | N10: Kết quả KPI
B11: I | C11: KẾT QUẢ KPI ĐƠN VỊ | D11: 0.1 | N11: =N12 -> 0.10245
C12: Kết quả KPI Đơn vị | K12: 1 | L12: ='A7.9.KPI Ban HCNS Quy 2.26'!M26 -> 1.0245 | M12: =L12/K12*100% -> 1.0245 | N12: =M12*D11 -> 0.10245
B13: II | C13: MỤC TIÊU CÔNG VIỆC | D13: 0.8 | N13: =SUM(N15:N21)*D13 -> 0.824
B14: * | C14: Mục tiêu bắt buộc
B15: 1 | C15: ='A7.9.KPI Ban HCNS Quy 2.26'!C10 -> Hoàn thành 95% các công việc theo phiếu giao việc, thông báo họp giao ban và thông báo khác của Ban Tổng giám đốc giao | D15: 0.2 | E15: ='A7.9.KPI Ban HCNS Quy 2.26'!F10 -> TH ≥ KH, KPI = 100% TH < KH, KPI = 0 | G15: Lãnh đạo đơn vị xác nhận | J15: ='A7.9.KPI Ban HCNS Quy 2.26'!I10 -> % | K15: ='A7.9.KPI Ban HCNS Quy 2.26'!J10 -> 0.95 | L15: 1 | M15: =IF(LEN(L15)=0,"",IF(L15>=K15,100%,0%)) -> 1 | N15: =IFERROR(M15*D15,"") -> 0.2
B16: 2 | C16: Đảm bảo tuân thủ 100% chế độ chính sách quy định Luật Lao động về chế độ nghỉ hưu, nghỉ trước tuổi, nâng lương,… | D16: 0.15 | E16: ='A7.9.KPI Ban HCNS Quy 2.26'!F13 -> TH = 0, KPI = 100% TH ≥ 1, KPI = 0% | G16: ='A7.9.KPI Ban HCNS Quy 2.26'!H13 -> Báo cáo của Ban HCNS, Ban TCKT xác nhận | J16: ='A7.9.KPI Ban HCNS Quy 2.26'!I13 -> Lần | K16: ='A7.9.KPI Ban HCNS Quy 2.26'!J13 -> 0 | L16: 0 | M16: =IF(LEN(L16)=0,"",IF(L16=K16,1,0)) -> 1 | N16: =IFERROR(M16*D16,"") -> 0.15
B17: 3 | C17: ='A7.9.KPI Ban HCNS Quy 2.26'!C19 -> Trình HĐQT/ Tổng Giám đốc phương án, cách thức khảo sát mức độ hài lòng của khách hàng hạn cuối 30/6/2026 | D17: 0.2 | E17: ='A7.9.KPI Ban HCNS Quy 2.26'!F19 -> TH ≤ KH, KPI = 100% TH > KH, KPI = 0% | G17: ='A7.9.KPI Ban HCNS Quy 2.26'!H19 -> Ban HCNS xác nhận dựa trên phương án trình | J17: ='A7.9.KPI Ban HCNS Quy 2.26'!I19 -> Ngày | K17: ='A7.9.KPI Ban HCNS Quy 2.26'!J19 -> 46203 | L17: 46203 | M17: =IF(LEN(L17)=0,"",IF(L17<=K17,1,0)) -> 1 | N17: =IFERROR(M17*D17,"") -> 0.2
B18: 4 | C18: ='A7.9.KPI Ban HCNS Quy 2.26'!C21 -> Tỷ lệ phản ánh về chất lượng dịch vụ giảm 5% so với tổng phản ánh quý 2 năm trước | D18: 0.15 | E18: ='A7.9.KPI Ban HCNS Quy 2.26'!F21 -> TH ≥ 80%KH: KPI = TH/KH*100% TH < 80%KH: KPI = 0% Max KPI = 120% | G18: ='A7.9.KPI Ban HCNS Quy 2.26'!H21 -> HCNS báo cáo, các XN liên quan xác nhận | J18: ='A7.9.KPI Ban HCNS Quy 2.26'!I21 -> % | K18: ='A7.9.KPI Ban HCNS Quy 2.26'!J21 -> 0.05 | L18: 0.37 | M18: =IF(LEN(L18)=0,"",IF(L18<K18,0,MIN(120%,L18/K18*100%))) -> 1.2 | N18: =IFERROR(M18*D18,"") -> 0.18
B19: 5 | C19: ='A7.9.KPI Ban HCNS Quy 2.26'!C24 -> Trình phương án Xây dựng hệ thống khung bậc lương hạn cuối 30/6/2026 | D19: 0.2 | E19: ='A7.9.KPI Ban HCNS Quy 2.26'!F24 -> TH ≤ KH, KPI = 100% TH > KH, KPI = 0% | G19: ='A7.9.KPI Ban HCNS Quy 2.26'!H24 -> Ban KPI | J19: ='A7.9.KPI Ban HCNS Quy 2.26'!I24 -> Ngày | K19: ='A7.9.KPI Ban HCNS Quy 2.26'!J24 -> 46203 | L19: 46203 | M19: =IF(LEN(L19)=0,"",IF(L19<=K19,1,0)) -> 1 | N19: =IFERROR(M19*D19,"") -> 0.2
B20: * | C20: Mục tiêu đăng ký thêm
B21: 1 | C21: Không quá 1 lần sai sót/chậm trễ trong việc tính lương, thực hiện chế độ chính sách cho người lao động hoặc báo cáo số liệu liên quan cho Giám đốc ban/các đơn vị | D21: 0.1 | E21: TH ≤ KH, KPI = 100% TH > KH, KPI = 0% | G21: Ban HCNS Tổng hợp báo cáo, Ban TCKT xác nhận | J21: Lần | K21: 1 | L21: 1 | M21: =IF(LEN(L21)=0,"",IF(L21<=K21,100%,0%)) -> 1 | N21: =IFERROR(M21*D21,"") -> 0.1
B22: III | C22: THÁI ĐỘ HÀNH VI | D22: 0.1 | L22: 0 | N22: =MIN(10%, MAX(0, D22+SUM(N23))) -> 0
C23: Đi làm muộn hoặc về sớm (03 tháng) | L23: 6 | M23: =L23*-50% -> -3 | N23: =M23*$D$22 -> -0.3
L24: 0
C25: TỔNG CỘNG | N25: =N11+N13+N22 -> 0.92645
B28: Người được đánh giá | D28: Giám đốc đơn vị | J28: Người kiểm tra/Phê duyệt
B35: Ngày (Date) ....../....../...... | D35: Ngày (Date) ....../....../...... | J35: Ngày (Date) ....../....../......

Sheet 3.KPI Q2.PGĐ(NS-PC)
B2: Dự án: | C2: XÂY DỰNG HỆ THỐNG ĐÁNH GIÁ HIỆU QUẢ CÔNG VIỆC
B3: Yêu cầu: | C3: CÔNG TY CỔ PHẦN CẤP NƯỚC ĐÀ NẴNG
B4: Tư vấn: | C4: BrainMark Vietnam
B6: A7.14 | C6: KPI CÁ NHÂN - QUÝ 2/2026
B7: Họ và tên: | C7: Bùi Thị Ánh Minh | I7: Chức danh: | J7: Phó Giám đốc Ban (Nhân sự - Pháp chế)
B8: Mã nhân viên: | C8: 0537 | I8: Đơn vị: | J8: Ban HCNS
B10: STT | C10: Mục tiêu đánh giá | D10: Trọng số | E10: Phương pháp đo | G10: Nguồn chứng minh | J10: ĐVT | K10: Kế hoạch (KH) | L10: Thực hiện (TH) | M10: Hoàn thành | N10: Kết quả KPI
B11: I | C11: KẾT QUẢ KPI ĐƠN VỊ | D11: 0.1 | N11: =N12 -> 0.10245
C12: Kết quả KPI Đơn vị | K12: 1 | L12: ='A7.9.KPI Ban HCNS Quy 2.26'!M26 -> 1.0245 | M12: =L12/K12*100% -> 1.0245 | N12: =M12*D11 -> 0.10245
B13: II | C13: MỤC TIÊU CÔNG VIỆC | D13: 0.8 | N13: =SUM(N15:N21)*D13 -> 0.824
B14: * | C14: Mục tiêu bắt buộc
B15: 1 | C15: ='A7.9.KPI Ban HCNS Quy 2.26'!C10 -> Hoàn thành 95% các công việc theo phiếu giao việc, thông báo họp giao ban và thông báo khác của Ban Tổng giám đốc giao | D15: 0.2 | E15: ='A7.9.KPI Ban HCNS Quy 2.26'!F10 -> TH ≥ KH, KPI = 100% TH < KH, KPI = 0 | G15: Lãnh đạo đơn vị xác nhận | J15: ='A7.9.KPI Ban HCNS Quy 2.26'!I10 -> % | K15: ='A7.9.KPI Ban HCNS Quy 2.26'!J10 -> 0.95 | L15: ='A7.9.KPI Ban HCNS Quy 2.26'!K10 -> 1 | M15: =IF(LEN(L15)=0,"",IF(L15>=K15,100%,0%)) -> 1 | N15: =IFERROR(M15*D15,"") -> 0.2
B16: 2 | C16: ='A7.9.KPI Ban HCNS Quy 2.26'!C11 -> Tỷ lệ văn bản, hồ sơ xử lý đúng hạn sau khi tiếp nhận văn bản ≥ 90%/tổng số lượng văn bản văn phòng điện tử tiếp nhận | D16: 0.15 | E16: ='A7.9.KPI Ban HCNS Quy 2.26'!F11 -> TH < 80%: KPI= 0 TH ≥ 80%: TH/KH*100% Max KPI = 120% | G16: ='A7.9.KPI Ban HCNS Quy 2.26'!H11 -> Ban HCNS báo cáo, Ban kế hoạch xác nhận | J16: ='A7.9.KPI Ban HCNS Quy 2.26'!I11 -> % | K16: ='A7.9.KPI Ban HCNS Quy 2.26'!J11 -> 0.9 | L16: ='A7.9.KPI Ban HCNS Quy 2.26'!K11 -> 1 | M16: =IF(LEN(L16)=0,"",IF(AND(L16>=D16,L16<100%),100%,IF(L16=100%,120%,0%))) -> 1.2 | N16: =IFERROR(M16*D16,"") -> 0.18
B17: 3 | C17: ='A7.9.KPI Ban HCNS Quy 2.26'!C12 -> Đảm bảo 100% công văn đi đến được xử lý đúng hạn (tại giai đoạn theo chức năng Ban HCNS) | D17: 0.15 | E17: ='A7.9.KPI Ban HCNS Quy 2.26'!F12 -> TH = 0, KPI = 100% TH ≥ 1, KPI = 0% | G17: ='A7.9.KPI Ban HCNS Quy 2.26'!H12 -> Báo cáo của Ban HCNS | J17: ='A7.9.KPI Ban HCNS Quy 2.26'!I12 -> Lần | K17: ='A7.9.KPI Ban HCNS Quy 2.26'!J12 -> 0 | L17: ='A7.9.KPI Ban HCNS Quy 2.26'!K12 -> 0 | M17: =IF(LEN(L17)=0,"",IF(L17<=K17,1,0)) -> 1 | N17: =IFERROR(M17*D17,"") -> 0.15
B18: 4 | C18: ='A7.9.KPI Ban HCNS Quy 2.26'!C20 -> Thời gian xử lý đơn khiếu nại của KH (có báo cáo bằng văn bản) trung bình không quá 05 ngày làm việc kể từ ngày tiếp nhận đơn | D18: 0.15 | E18: ='A7.9.KPI Ban HCNS Quy 2.26'!F20 -> TH ≤ KH: KPI = KH/TH*100% TH > KH: KPI = 0% Max KPI = 120% | G18: ='A7.9.KPI Ban HCNS Quy 2.26'!H20 -> HCNS báo cáo, các XN liên quan xác nhận | J18: ='A7.9.KPI Ban HCNS Quy 2.26'!I20 -> Ngày | K18: ='A7.9.KPI Ban HCNS Quy 2.26'!J20 -> 5 | L18: ='A7.9.KPI Ban HCNS Quy 2.26'!K20 -> 5 | M18: =IF(LEN(L18)=0,"",IF(L18<=K18,1,0)) -> 1 | N18: =IFERROR(M18*D18,"") -> 0.15
B19: 5 | C19: ='A7.9.KPI Ban HCNS Quy 2.26'!C19 -> Trình HĐQT/ Tổng Giám đốc phương án, cách thức khảo sát mức độ hài lòng của khách hàng hạn cuối 30/6/2026 | D19: 0.15 | E19: ='A7.9.KPI Ban HCNS Quy 2.26'!F19 -> TH ≤ KH, KPI = 100% TH > KH, KPI = 0% | G19: ='A7.9.KPI Ban HCNS Quy 2.26'!H19 -> Ban HCNS xác nhận dựa trên phương án trình | J19: ='A7.9.KPI Ban HCNS Quy 2.26'!I19 -> Ngày | K19: ='A7.9.KPI Ban HCNS Quy 2.26'!J19 -> 46203 | L19: ='A7.9.KPI Ban HCNS Quy 2.26'!K19 -> 46203 | M19: =IF(LEN(L19)=0,"",IF(L19<=K19,1,0)) -> 1 | N19: =IFERROR(M19*D19,"") -> 0.15
B20: * | C20: Mục tiêu đăng ký thêm
B21: 1 | C21: Đảm bảo 100% tham mưu pháp lý cho HĐQT, Ban Điều hành | D21: 0.2 | E21: TH ≥ KH, KPI = 100% TH < KH, KPI = 0 | G21: Ban HCNS báo cáo | J21: % | K21: 1 | L21: 1 | M21: =IF(LEN(L21)=0,"",IF(L21>=K21,100%,0%)) -> 1 | N21: =IFERROR(M21*D21,"") -> 0.2
B22: III | C22: THÁI ĐỘ HÀNH VI | D22: 0.1 | N22: =MIN(10%, MAX(0, D22+SUM(N23))) -> 0.05
C23: Đi làm muộn hoặc về sớm (03 tháng) | L23: 1 | M23: =L23*-50% -> -0.5 | N23: =M23*$D$22 -> -0.05
C25: TỔNG CỘNG | N25: =N11+N13+N22 -> 0.97645
B27: Người được đánh giá | D27: Giám đốc đơn vị | J27: Người kiểm tra/Phê duyệt
B34: Ngày (Date) ....../....../...... | D34: Ngày (Date) ....../....../...... | J34: Ngày (Date) ....../....../......

Sheet 4.1.KPI Q2.NV HCNS-Nhi
B2: Dự án: | C2: XÂY DỰNG HỆ THỐNG ĐÁNH GIÁ HIỆU QUẢ CÔNG VIỆC
B3: Yêu cầu: | C3: CÔNG TY CỔ PHẦN CẤP NƯỚC ĐÀ NẴNG
B4: Tư vấn: | C4: BrainMark Vietnam
O5: Mục tiêu KPI phòng có đề cập HĐLĐ: Đảm bảo tuân thủ 100% chế độ chính sách quy định Luật Lao động (HĐLĐ, Chế độ nghỉ hưu, nghỉ trước tuổi, nâng lương,…) ==> Nhưng ở mục đk thêm đã có mục theo dõi, ký mới, gia hạn hợp đồng nên ko thêm nội dung mục tiêu này vào mục tiêu bắt buộc
B6: A7.14 | C6: KPI CÁ NHÂN - QUÝ 2/2026
B7: Họ và tên: | C7: Trương Thị Ý Nhi | I7: Chức danh: | J7: Nhân viên Hành chính nhân sự
B8: Mã nhân viên: | C8: 0576 | I8: Đơn vị: | J8: Ban HCNS
B10: STT | C10: Mục tiêu đánh giá | D10: Trọng số | E10: Phương pháp đo | G10: Nguồn chứng minh | J10: ĐVT | K10: Kế hoạch (KH) | L10: Thực hiện (TH) | M10: Hoàn thành | N10: Kết quả KPI
B11: I | C11: KẾT QUẢ KPI ĐƠN VỊ | D11: 0.1 | N11: =N12 -> 0.10245
C12: Kết quả KPI Đơn vị | K12: 1 | L12: ='A7.9.KPI Ban HCNS Quy 2.26'!M26 -> 1.0245 | M12: =L12/K12*100% -> 1.0245 | N12: =M12*D11 -> 0.10245
B13: II | C13: MỤC TIÊU CÔNG VIỆC | D13: 0.8 | N13: =SUM(N15:N19)*D13 -> 0.8
B14: * | C14: Mục tiêu bắt buộc
B15: 1 | C15: ='A7.9.KPI Ban HCNS Quy 2.26'!C22 -> Đảm bảo 20% hồ sơ nhân sự được số hoá thêm trong quý 2 (Lũy kế hết quý 2 là 40%) | D15: 0.25 | E15: ='A7.9.KPI Ban HCNS Quy 2.26'!F22 -> TH < KH: KPI = 0% TH ≥ KH: KPI = TH/KH*100% | G15: ='A7.9.KPI Ban HCNS Quy 2.26'!H22 -> TT CNTT xác nhận | J15: ='A7.9.KPI Ban HCNS Quy 2.26'!I22 -> % | K15: ='A7.9.KPI Ban HCNS Quy 2.26'!J22 -> 0.2 | L15: ='A7.9.KPI Ban HCNS Quy 2.26'!K22 -> 0.2 | M15: =IF(LEN(L15)=0,"",IF(L15>=K15,100%,0%)) -> 1 | N15: =IFERROR(M15*D15,"") -> 0.25
B16: 2 | C16: ='A7.9.KPI Ban HCNS Quy 2.26'!C24 -> Trình phương án Xây dựng hệ thống khung bậc lương hạn cuối 30/6/2026 | D16: 0.25 | E16: ='A7.9.KPI Ban HCNS Quy 2.26'!F24 -> TH ≤ KH, KPI = 100% TH > KH, KPI = 0% | G16: ='A7.9.KPI Ban HCNS Quy 2.26'!H24 -> Ban KPI | J16: Ngày | K16: ='A7.9.KPI Ban HCNS Quy 2.26'!J24 -> 46203 | L16: 46203 | M16: =IF(LEN(L16)=0,"",IF(L16<=K16,1,0)) -> 1 | N16: =IFERROR(M16*D16,"") -> 0.25
B17: * | C17: Mục tiêu đăng ký thêm
B18: 1 | C18: Kiểm soát tiến độ xử lý văn bản, hồ sơ đúng hạn đạt 100% | D18: 0.25 | E18: TH = 0, KPI = 100% TH ≥ 1, KPI = 0% | G18: Ban HCNS | J18: Lần | K18: 0 | L18: 0 | M18: =IF(LEN(L18)=0,"",IF(L18=K18,1,0)) -> 1 | N18: =IFERROR(M18*D18,"") -> 0.25
B19: 2 | C19: Đảm bảo theo dõi, ký mới và gia hạn 100% hợp đồng lao động đúng quy định | D19: 0.25 | E19: TH = 0, KPI = 100% TH ≥ 1, KPI = 0% | G19: Ban HCNS | J19: Lần | K19: 0 | L19: 0 | M19: =IF(LEN(L19)=0,"",IF(L19=K19,1,0)) -> 1 | N19: =IFERROR(M19*D19,"") -> 0.25
B20: III | C20: THÁI ĐỘ HÀNH VI | D20: 0.1 | N20: =MIN(10%, MAX(0, D20+SUM(N21))) -> 0.1
C21: Không vi phạm | M21: =L21*-50% -> 0 | N21: =M21*$D$20 -> 0
C23: TỔNG CỘNG | N23: =N11+N13+N20 -> 1.00245
B26: Người được đánh giá | D26: Giám đốc đơn vị | J26: Người kiểm tra/Phê duyệt
B34: Ngày (Date) ....../....../...... | D34: Ngày (Date) ....../....../...... | J34: Ngày (Date) ....../....../......

Sheet 4.2.KPI Q2.NV HCNS-Nhu
B2: Dự án: | C2: XÂY DỰNG HỆ THỐNG ĐÁNH GIÁ HIỆU QUẢ CÔNG VIỆC
B3: Yêu cầu: | C3: CÔNG TY CỔ PHẦN CẤP NƯỚC ĐÀ NẴNG
B4: Tư vấn: | C4: BrainMark Vietnam
B6: A7.14 | C6: KPI CÁ NHÂN - QUÝ 2/2026
B7: Họ và tên: | C7: Nguyễn Thị Quỳnh Như | I7: Chức danh: | J7: Nhân viên Hành chính nhân sự
B8: Mã nhân viên: | C8: 0564 | I8: Đơn vị: | J8: Ban HCNS
B10: STT | C10: Mục tiêu đánh giá | D10: Trọng số | E10: Phương pháp đo | G10: Nguồn chứng minh | J10: ĐVT | K10: Kế hoạch (KH) | L10: Thực hiện (TH) | M10: Hoàn thành | N10: Kết quả KPI
B11: I | C11: KẾT QUẢ KPI ĐƠN VỊ | D11: 0.1 | N11: =N12 -> 0.10245
C12: Kết quả KPI Đơn vị | K12: 1 | L12: ='A7.9.KPI Ban HCNS Quy 2.26'!M26 -> 1.0245 | M12: =L12/K12*100% -> 1.0245 | N12: =M12*D11 -> 0.10245
B13: II | C13: MỤC TIÊU CÔNG VIỆC | D13: 0.8 | N13: =SUM(N15:N19)*D13 -> 0.8
B14: * | C14: Mục tiêu bắt buộc
B15: 1 | C15: ='A7.9.KPI Ban HCNS Quy 2.26'!C15 -> Chi phí Văn phòng phẩm (bộ phận văn phòng công ty) quý 2/26 không vượt quá so với quý 2 năm trước | D15: 0.25 | E15: TH ≤ KH: KPI = 100% TH > KH: KPI = 0% Max KPI = 120% | G15: ='A7.9.KPI Ban HCNS Quy 2.26'!H15 -> Ban TCKT xác nhận | J15: ='A7.9.KPI Ban HCNS Quy 2.26'!I15 -> % | K15: ='A7.9.KPI Ban HCNS Quy 2.26'!J15 -> 1 | L15: ='A7.9.KPI Ban HCNS Quy 2.26'!K15 -> 0.9859 | M15: =IF(LEN(L15)=0,"",IF(L15<K15,100%,0)) -> 1 | N15: =IFERROR(M15*D15,"") -> 0.25
B16: 2 | C16: ='A7.9.KPI Ban HCNS Quy 2.26'!C16 -> Kinh phí Đào tạo không vượt quá kế hoạch được duyệt | D16: 0.25 | E16: ='A7.9.KPI Ban HCNS Quy 2.26'!F16 -> TH ≤ KH: KPI = 100% TH > KH: KPI =0% | G16: ='A7.9.KPI Ban HCNS Quy 2.26'!H16 -> Báo cáo của Ban HCNS, Ban TCKT xác nhận | J16: ='A7.9.KPI Ban HCNS Quy 2.26'!I16 -> % | K16: ='A7.9.KPI Ban HCNS Quy 2.26'!J16 -> 1 | L16: ='A7.9.KPI Ban HCNS Quy 2.26'!K16 -> 1 | M16: =IF(LEN(L16)=0,"",IF(L16<=K16,1,0)) -> 1 | N16: =IFERROR(M16*D16,"") -> 0.25
B17: 3 | C17: ='A7.9.KPI Ban HCNS Quy 2.26'!C24 -> Trình phương án Xây dựng hệ thống khung bậc lương hạn cuối 30/6/2026 | D17: 0.25 | E17: ='A7.9.KPI Ban HCNS Quy 2.26'!F24 -> TH ≤ KH, KPI = 100% TH > KH, KPI = 0% | G17: ='A7.9.KPI Ban HCNS Quy 2.26'!H24 -> Ban KPI | J17: ='A7.9.KPI Ban HCNS Quy 2.26'!I24 -> Ngày | K17: ='A7.9.KPI Ban HCNS Quy 2.26'!J24 -> 46203 | L17: ='A7.9.KPI Ban HCNS Quy 2.26'!K24 -> 46203 | M17: =IF(LEN(L17)=0,"",IF(L17<=K17,1,0)) -> 1 | N17: =IFERROR(M17*D17,"") -> 0.25
B18: 4 | C18: ='A7.9.KPI Ban HCNS Quy 2.26'!C25 -> Tổ chức 01 khóa đào tạo | D18: 0.25 | E18: ='A7.9.KPI Ban HCNS Quy 2.26'!F25 -> TH ≥ KH, KPI = 100% TH < KH, KPI = 0 | G18: ='A7.9.KPI Ban HCNS Quy 2.26'!H25 -> HCNS báo cáo, Ban Kế hoạch xác nhận | J18: ='A7.9.KPI Ban HCNS Quy 2.26'!I25 -> Khoá đào tạo | K18: ='A7.9.KPI Ban HCNS Quy 2.26'!J25 -> 1 | L18: ='A7.9.KPI Ban HCNS Quy 2.26'!K25 -> 1 | M18: =IF(LEN(L18)=0,"",IF(L18>=K18,1,0)) -> 1 | N18: =IFERROR(M18*D18,"") -> 0.25
B19: * | C19: Mục tiêu đăng ký thêm | O19: đã bỏ CCDC ở quý 1 (mục tiêu đk thêm)
B20: III | C20: THÁI ĐỘ HÀNH VI | D20: 0.1 | N20: =MIN(10%, MAX(0, D20+SUM(N21))) -> 0
B21: 1 | C21: Đi làm muộn hoặc về sớm (03 tháng) | L21: 7 | M21: =L21*-50% -> -3.5 | N21: =M21*$D$20 -> -0.35
C23: TỔNG CỘNG | N23: =N11+N13+N20 -> 0.90245
B26: Người được đánh giá | D26: Giám đốc đơn vị | J26: Người kiểm tra/Phê duyệt
B34: Ngày (Date) ....../....../...... | D34: Ngày (Date) ....../....../...... | J34: Ngày (Date) ....../....../......

Sheet 5.KPI Q2.NV VTLT
B2: Dự án: | C2: XÂY DỰNG HỆ THỐNG ĐÁNH GIÁ HIỆU QUẢ CÔNG VIỆC
B3: Yêu cầu: | C3: CÔNG TY CỔ PHẦN CẤP NƯỚC ĐÀ NẴNG
B4: Tư vấn: | C4: BrainMark Vietnam
B6: A7.14 | C6: KPI CÁ NHÂN - QUÝ 2/2026
B7: Họ và tên: | C7: Huỳnh Thị Hoài Trang | I7: Chức danh: | J7: Nhân viên Văn thư lưu trữ
B8: Mã nhân viên: | C8: 0035 | I8: Đơn vị: | J8: Ban HCNS
B10: STT | C10: Mục tiêu đánh giá | D10: Trọng số | E10: Phương pháp đo | G10: Nguồn chứng minh | J10: ĐVT | K10: Kế hoạch (KH) | L10: Thực hiện (TH) | M10: Hoàn thành | N10: Kết quả KPI
B11: I | C11: KẾT QUẢ KPI ĐƠN VỊ | D11: 0.1 | N11: =N12 -> 0.10245
C12: Kết quả KPI Đơn vị | K12: 1 | L12: ='A7.9.KPI Ban HCNS Quy 2.26'!M26 -> 1.0245 | M12: =L12/K12*100% -> 1.0245 | N12: =M12*D11 -> 0.10245
B13: II | C13: MỤC TIÊU CÔNG VIỆC | D13: 0.8 | N13: =SUM(N15:N20)*D13 -> 0.8
B14: * | C14: Mục tiêu bắt buộc
B15: 1 | C15: ='A7.9.KPI Ban HCNS Quy 2.26'!C12 -> Đảm bảo 100% công văn đi đến được xử lý đúng hạn (tại giai đoạn theo chức năng Ban HCNS) | D15: 0.2 | E15: ='A7.9.KPI Ban HCNS Quy 2.26'!F12 -> TH = 0, KPI = 100% TH ≥ 1, KPI = 0% | G15: ='A7.9.KPI Ban HCNS Quy 2.26'!H12 -> Báo cáo của Ban HCNS | J15: ='A7.9.KPI Ban HCNS Quy 2.26'!I12 -> Lần | K15: ='A7.9.KPI Ban HCNS Quy 2.26'!J12 -> 0 | L15: ='A7.9.KPI Ban HCNS Quy 2.26'!K12 -> 0 | M15: =IF(LEN(L15)=0,"",IF(L15=K15,1,0)) -> 1 | N15: =IFERROR(M15*D15,"") -> 0.2
B16: 2 | C16: ='A7.9.KPI Ban HCNS Quy 2.26'!C15 -> Chi phí Văn phòng phẩm (bộ phận văn phòng công ty) quý 2/26 không vượt quá so với quý 2 năm trước | D16: 0.2 | E16: ='A7.9.KPI Ban HCNS Quy 2.26'!F15 -> TH ≤ KH: KPI = 100% TH > KH: KPI = 0% Max KPI = 120% | G16: ='A7.9.KPI Ban HCNS Quy 2.26'!H15 -> Ban TCKT xác nhận | J16: ='A7.9.KPI Ban HCNS Quy 2.26'!I15 -> % | K16: ='A7.9.KPI Ban HCNS Quy 2.26'!J15 -> 1 | L16: ='A7.9.KPI Ban HCNS Quy 2.26'!K15 -> 0.9859 | M16: =IF(LEN(L16)=0,"",IF(L16<K16,100%,0)) -> 1 | N16: =IFERROR(M16*D16,"") -> 0.2
B17: 3 | C17: ='A7.9.KPI Ban HCNS Quy 2.26'!C20 -> Thời gian xử lý đơn khiếu nại của KH (có báo cáo bằng văn bản) trung bình không quá 05 ngày làm việc kể từ ngày tiếp nhận đơn | D17: 0.2 | E17: ='A7.9.KPI Ban HCNS Quy 2.26'!F20 -> TH ≤ KH: KPI = KH/TH*100% TH > KH: KPI = 0% Max KPI = 120% | G17: ='A7.9.KPI Ban HCNS Quy 2.26'!H20 -> HCNS báo cáo, các XN liên quan xác nhận | J17: ='A7.9.KPI Ban HCNS Quy 2.26'!I20 -> Ngày | K17: ='A7.9.KPI Ban HCNS Quy 2.26'!J20 -> 5 | L17: ='A7.9.KPI Ban HCNS Quy 2.26'!K20 -> 5 | M17: =IF(LEN(L17)=0,"",IF(L17<K17,0,MIN(120%,L17/K17*100%))) -> 1 | N17: =IFERROR(M17*D17,"") -> 0.2
B18: * | C18: Mục tiêu đăng ký thêm
B19: 1 | C19: 100% hồ sơ, công văn được lưu trữ đúng quy định (nơi nhận, thời hạn…) | D19: 0.2 | E19: TH = 0, KPI = 100% TH ≥ 1, KPI = 0% | G19: Ban HCNS | J19: Lần | K19: 0 | L19: 0 | M19: =IF(LEN(L19)=0,"",IF(L19=K19,1,0)) -> 1 | N19: =IFERROR(M19*D19,"") -> 0.2
B20: 2 | C20: Đảm bảo 100% công văn đi - đến được chuyển đến đúng đơn vị theo phê duyệt của lãnh đạo | D20: 0.2 | E20: TH = 0, KPI = 100% TH ≥ 1, KPI = 0% | G20: Ban HCNS | J20: Lần | K20: 0 | L20: 0 | M20: =IF(LEN(L20)=0,"",IF(L20=K20,1,0)) -> 1 | N20: =IFERROR(M20*D20,"") -> 0.2
B21: III | C21: THÁI ĐỘ HÀNH VI | D21: 0.1 | N21: =MIN(10%, MAX(0, D21+SUM(N22))) -> 0.1
C22: Không vi phạm | M22: =L22*-50% -> 0 | N22: =M22*$D$21 -> 0
C24: TỔNG CỘNG | N24: =N11+N13+N21 -> 1.00245
B27: Người được đánh giá | D27: Giám đốc đơn vị | J27: Người kiểm tra/Phê duyệt
B35: Ngày (Date) ....../....../...... | D35: Ngày (Date) ....../....../...... | J35: Ngày (Date) ....../....../......

Sheet 6.KPI Q2.NV Lai xe (2)
B2: Dự án: | C2: XÂY DỰNG HỆ THỐNG ĐÁNH GIÁ HIỆU QUẢ CÔNG VIỆC
B3: Yêu cầu: | C3: CÔNG TY CỔ PHẦN CẤP NƯỚC ĐÀ NẴNG
B4: Tư vấn: | C4: BrainMark Vietnam
B6: A7.14 | C6: KPI CÁ NHÂN - QUÝ 2/2026
B7: Họ và tên: | C7: Hồ Minh Khiêm | I7: Chức danh: | J7: Nhân viên lái xe
B8: Mã nhân viên: | C8: 0039 | I8: Đơn vị: | J8: Ban HCNS
B10: STT | C10: Mục tiêu đánh giá | D10: Trọng số | E10: Phương pháp đo | G10: Nguồn chứng minh | J10: ĐVT | K10: Kế hoạch (KH) | L10: Thực hiện (TH) | M10: Hoàn thành | N10: Kết quả KPI
B11: I | C11: KẾT QUẢ KPI ĐƠN VỊ | D11: 0.1 | N11: =N12 -> 0.10245
C12: Kết quả KPI Đơn vị | K12: 1 | L12: ='A7.9.KPI Ban HCNS Quy 2.26'!M26 -> 1.0245 | M12: =L12/K12*100% -> 1.0245 | N12: =M12*D11 -> 0.10245
B13: II | C13: MỤC TIÊU CÔNG VIỆC | D13: 0.8 | N13: =SUM(N15:N20)*D13 -> 0.8
B14: * | C14: Mục tiêu bắt buộc
B15: * | C15: Mục tiêu đăng ký thêm
B16: 1 | C16: Đảm bảo không vi phạm Luật ATGT | D16: 0.2 | E16: TH = 0, KPI = 100% TH ≥ 1, KPI = 0% | G16: Ban HCNS | J16: Lần | K16: 0 | L16: 0 | M16: =IF(LEN(L16)=0,"",IF(L16=K16,1,0)) -> 1 | N16: =IFERROR(M16*D16,"") -> 0.2
B17: 2 | C17: Đảm bảo 100% phương tiện được bảo dưỡng, đăng kiểm, mua bảo hiểm đúng kế hoạch | D17: 0.2 | E17: TH ≥ KH, KPI = 100% TH < KH, KPI = 0 | G17: Ban HCNS | J17: % | K17: 1 | L17: 1 | M17: =IF(LEN(L17)=0,"",IF(L17>=K17,100%,0%)) -> 1 | N17: =IFERROR(M17*D17,"") -> 0.2
B18: 3 | C18: Đảm bảo 100% phương tiện luôn sẵn sàng phục vụ (sạch sẽ, nhiên liệu, giấy tờ, thời gian đưa - đón lãnh đạo,…) | D18: 0.25 | E18: TH = 0, KPI = 100% TH ≥ 1, KPI = 0% | G18: Ban HCNS | J18: Lần | K18: 0 | L18: 0 | M18: =IF(LEN(L18)=0,"",IF(L18=K18,1,0)) -> 1 | N18: =IFERROR(M18*D18,"") -> 0.25
B19: 4 | C19: Chi phí nhiên liệu sử dụng không vượt định mức được duyệt | D19: 0.15 | E19: TH ≤ KH: KPI = 100% TH > KH: KPI =0% | G19: Ban HCNS báo cáo, Ban Kỹ thuật xác nhận | J19: % | K19: 1 | L19: 1 | M19: =IF(LEN(L19)=0,"",IF(L19<=K19,1,0)) -> 1 | N19: =IFERROR(M19*D19,"") -> 0.15
B20: 5 | C20: 100% chuyến đi được ghi chép đầy đủ trong nhật ký hành trình | D20: 0.2 | E20: TH = 0, KPI = 100% TH ≥ 1, KPI = 0% | G20: Ban HCNS | J20: Lần | K20: 0 | L20: 0 | M20: =IF(LEN(L20)=0,"",IF(L20=K20,1,0)) -> 1 | N20: =IFERROR(M20*D20,"") -> 0.2
B21: III | C21: THÁI ĐỘ HÀNH VI | D21: 0.1 | N21: =MIN(10%, MAX(0, D21+SUM(N22))) -> 0.1
C22: Không vi phạm | M22: =L22*-50% -> 0 | N22: =M22*$D$21 -> 0
C24: TỔNG CỘNG | N24: =N11+N13+N21 -> 1.00245
B27: Người được đánh giá | D27: Giám đốc đơn vị | J27: Người kiểm tra/Phê duyệt
B34: Ngày (Date) ....../....../...... | D34: Ngày (Date) ....../....../...... | J34: Ngày (Date) ....../....../......

Sheet 6.KPI Q2.NV Lai xe (1)
B2: Dự án: | C2: XÂY DỰNG HỆ THỐNG ĐÁNH GIÁ HIỆU QUẢ CÔNG VIỆC
B3: Yêu cầu: | C3: CÔNG TY CỔ PHẦN CẤP NƯỚC ĐÀ NẴNG
B4: Tư vấn: | C4: BrainMark Vietnam
B6: A7.14 | C6: KPI CÁ NHÂN - QUÝ 2/2026
B7: Họ và tên: | C7: Nguyễn Nam Long | I7: Chức danh: | J7: Nhân viên lái xe
B8: Mã nhân viên: | C8: 0281 | I8: Đơn vị: | J8: Ban HCNS
B10: STT | C10: Mục tiêu đánh giá | D10: Trọng số | E10: Phương pháp đo | G10: Nguồn chứng minh | J10: ĐVT | K10: Kế hoạch (KH) | L10: Thực hiện (TH) | M10: Hoàn thành | N10: Kết quả KPI
B11: I | C11: KẾT QUẢ KPI ĐƠN VỊ | D11: 0.1 | N11: =N12 -> 0.10245
C12: Kết quả KPI Đơn vị | K12: 1 | L12: ='A7.9.KPI Ban HCNS Quy 2.26'!M26 -> 1.0245 | M12: =L12/K12*100% -> 1.0245 | N12: =M12*D11 -> 0.10245
B13: II | C13: MỤC TIÊU CÔNG VIỆC | D13: 0.8 | N13: =SUM(N15:N20)*D13 -> 0.8
B14: * | C14: Mục tiêu bắt buộc
B15: * | C15: Mục tiêu đăng ký thêm
B16: 1 | C16: Đảm bảo không vi phạm Luật ATGT | D16: 0.2 | E16: TH = 0, KPI = 100% TH ≥ 1, KPI = 0% | G16: Ban HCNS | J16: Lần | K16: 0 | L16: 0 | M16: =IF(LEN(L16)=0,"",IF(L16=K16,1,0)) -> 1 | N16: =IFERROR(M16*D16,"") -> 0.2
B17: 2 | C17: Đảm bảo 100% phương tiện được bảo dưỡng, đăng kiểm, mua bảo hiểm đúng kế hoạch | D17: 0.2 | E17: TH ≥ KH, KPI = 100% TH < KH, KPI = 0 | G17: Ban HCNS | J17: % | K17: 1 | L17: 1 | M17: =IF(LEN(L17)=0,"",IF(L17>=K17,100%,0%)) -> 1 | N17: =IFERROR(M17*D17,"") -> 0.2
B18: 3 | C18: Đảm bảo 100% phương tiện luôn sẵn sàng phục vụ (sạch sẽ, nhiên liệu, giấy tờ, thời gian đưa - đón lãnh đạo,…) | D18: 0.25 | E18: TH = 0, KPI = 100% TH ≥ 1, KPI = 0% | G18: Ban HCNS | J18: Lần | K18: 0 | L18: 0 | M18: =IF(LEN(L18)=0,"",IF(L18=K18,1,0)) -> 1 | N18: =IFERROR(M18*D18,"") -> 0.25
B19: 4 | C19: Chi phí nhiên liệu sử dụng không vượt định mức được duyệt | D19: 0.15 | E19: TH ≤ KH: KPI = 100% TH > KH: KPI =0% | G19: Ban HCNS báo cáo, Ban Kỹ thuật xác nhận | J19: % | K19: 1 | L19: 1 | M19: =IF(LEN(L19)=0,"",IF(L19<=K19,1,0)) -> 1 | N19: =IFERROR(M19*D19,"") -> 0.15
B20: 5 | C20: 100% chuyến đi được ghi chép đầy đủ trong nhật ký hành trình | D20: 0.2 | E20: TH = 0, KPI = 100% TH ≥ 1, KPI = 0% | G20: Ban HCNS | J20: Lần | K20: 0 | L20: 0 | M20: =IF(LEN(L20)=0,"",IF(L20=K20,1,0)) -> 1 | N20: =IFERROR(M20*D20,"") -> 0.2
B21: III | C21: THÁI ĐỘ HÀNH VI | D21: 0.1 | N21: =MIN(10%, MAX(0, D21+SUM(N22))) -> 0.1
C22: Không vi phạm | L22: 0 | M22: =L22*-50% -> 0 | N22: =M22*$D$21 -> 0
C24: TỔNG CỘNG | N24: =N11+N13+N21 -> 1.00245
B26: Người được đánh giá | D26: Giám đốc đơn vị | J26: Người kiểm tra/Phê duyệt
B34: Ngày (Date) ....../....../...... | D34: Ngày (Date) ....../....../...... | J34: Ngày (Date) ....../....../......

Sheet 7.KPI Q2.NV CSKH (4NV) (4)
B2: Dự án: | C2: XÂY DỰNG HỆ THỐNG ĐÁNH GIÁ HIỆU QUẢ CÔNG VIỆC
B3: Yêu cầu: | C3: CÔNG TY CỔ PHẦN CẤP NƯỚC ĐÀ NẴNG
B4: Tư vấn: | C4: BrainMark Vietnam
B6: A7.14 | C6: KPI CÁ NHÂN - QUÝ 2/2026
B7: Họ và tên: | C7: Hoàng Thị Mỹ Dung | I7: Chức danh: | J7: Nhân viên CSKH
B8: Mã nhân viên: | C8: 0097 | I8: Đơn vị: | J8: Ban HCNS
B10: STT | C10: Mục tiêu đánh giá | D10: Trọng số | E10: Phương pháp đo | G10: Nguồn chứng minh | J10: ĐVT | K10: Kế hoạch (KH) | L10: Thực hiện (TH) | M10: Hoàn thành | N10: Kết quả KPI
B11: I | C11: KẾT QUẢ KPI ĐƠN VỊ | D11: 0.1 | N11: =N12 -> 0.10245
C12: Kết quả KPI Đơn vị | K12: 1 | L12: ='A7.9.KPI Ban HCNS Quy 2.26'!M26 -> 1.0245 | M12: =L12/K12*100% -> 1.0245 | N12: =M12*D11 -> 0.10245
B13: II | C13: MỤC TIÊU CÔNG VIỆC | D13: 0.8 | N13: =SUM(N15:N20)*D13 -> 0.824
B14: * | C14: Mục tiêu bắt buộc
B15: 1 | C15: ='A7.9.KPI Ban HCNS Quy 1.26'!C20 -> Không quá 1 lần/ người/ quý phàn nàn của khách hàng về thái độ tiếp xúc, chăm sóc khách hàng của Bộ phận Call Center | D15: 0.2 | E15: ='A7.9.KPI Ban HCNS Quy 2.26'!F18 -> TH ≤ KH: KPI = 100% TH > KH: KPI = 0% | G15: ='A7.9.KPI Ban HCNS Quy 2.26'!H18 -> Ban HCNS xác nhận | J15: ='A7.9.KPI Ban HCNS Quy 2.26'!I18 -> Lần | K15: ='A7.9.KPI Ban HCNS Quy 2.26'!J18 -> 1 | L15: 0 | M15: =IF(LEN(L15)=0,"",IF(L15<=K15,1,0)) -> 1 | N15: =IFERROR(M15*D15,"") -> 0.2
B16: 2 | C16: ='A7.9.KPI Ban HCNS Quy 2.26'!C21 -> Tỷ lệ phản ánh về chất lượng dịch vụ giảm 5% so với tổng phản ánh quý 2 năm trước | D16: 0.15 | E16: ='A7.9.KPI Ban HCNS Quy 2.26'!F21 -> TH ≥ 80%KH: KPI = TH/KH*100% TH < 80%KH: KPI = 0% Max KPI = 120% | G16: ='A7.9.KPI Ban HCNS Quy 2.26'!H21 -> HCNS báo cáo, các XN liên quan xác nhận | J16: ='A7.9.KPI Ban HCNS Quy 2.26'!I21 -> % | K16: ='A7.9.KPI Ban HCNS Quy 2.26'!J21 -> 0.05 | L16: ='A7.9.KPI Ban HCNS Quy 2.26'!K21 -> 0.37 | M16: =IF(LEN(L16)=0,"",IF(L16<K16*80%,0,MIN(120%,L16/K16*100%))) -> 1.2 | N16: =IFERROR(M16*D16,"") -> 0.18
B17: * | C17: Mục tiêu đăng ký thêm
B18: 1 | C18: Không có trường hợp chậm trễ trong việc tiếp nhận và chuyển tiếp thông tin khiếu nại | D18: 0.25 | E18: TH = 0, KPI = 100% TH ≥ 1, KPI = 0% | G18: Ban HCNS | J18: Lần | K18: 0 | L18: 0 | M18: =IF(LEN(L18)=0,"",IF(L18=K18,1,0)) -> 1 | N18: =IFERROR(M18*D18,"") -> 0.25
B19: 2 | C19: Không có trường hợp KH phàn nàn vì cuộc gọi nhỡ do yếu tố chủ quan | D19: 0.2 | E19: TH = 0, KPI = 100% TH ≥ 1, KPI = 0% | G19: Ban HCNS | J19: Lần | K19: 0 | L19: 0 | M19: =IF(LEN(L19)=0,"",IF(L19=K19,1,0)) -> 1 | N19: =IFERROR(M19*D19,"") -> 0.2
B20: 3 | C20: Không quá 1 lần sai sót trong việc phân loại phản ánh khách hàng trên phần mềm CallCenter (nguồn chứng minh: Xí nghiệp phản ánh) | D20: 0.2 | E20: TH ≤ KH: KPI = 100% TH > KH: KPI = 0% | G20: Các XNCN xác nhận | J20: Lần | K20: 1 | L20: 0 | M20: =IF(LEN(L20)=0,"",IF(L20<=K20,1,0)) -> 1 | N20: =IFERROR(M20*D20,"") -> 0.2
B21: III | C21: THÁI ĐỘ HÀNH VI | D21: 0.1 | N21: =MIN(10%, MAX(0, D21+SUM(N22))) -> 0.05
C22: Đi làm muộn hoặc về sớm (03 tháng) | L22: 1 | M22: =L22*-50% -> -0.5 | N22: =M22*$D$21 -> -0.05
C24: TỔNG CỘNG | N24: =N11+N13+N21 -> 0.97645
B27: Người được đánh giá | D27: Giám đốc đơn vị | J27: Người kiểm tra/Phê duyệt
B35: Ngày (Date) ....../....../...... | D35: Ngày (Date) ....../....../...... | J35: Ngày (Date) ....../....../......

Sheet 7.KPI Q2.NV CSKH (4NV) (3)
B2: Dự án: | C2: XÂY DỰNG HỆ THỐNG ĐÁNH GIÁ HIỆU QUẢ CÔNG VIỆC
B3: Yêu cầu: | C3: CÔNG TY CỔ PHẦN CẤP NƯỚC ĐÀ NẴNG
B4: Tư vấn: | C4: BrainMark Vietnam
B6: A7.14 | C6: KPI CÁ NHÂN - QUÝ 2/2026
B7: Họ và tên: | C7: Nguyễn Thanh Bình | I7: Chức danh: | J7: Nhân viên CSKH
B8: Mã nhân viên: | C8: 0102 | I8: Đơn vị: | J8: Ban HCNS
B10: STT | C10: Mục tiêu đánh giá | D10: Trọng số | E10: Phương pháp đo | G10: Nguồn chứng minh | J10: ĐVT | K10: Kế hoạch (KH) | L10: Thực hiện (TH) | M10: Hoàn thành | N10: Kết quả KPI
B11: I | C11: KẾT QUẢ KPI ĐƠN VỊ | D11: 0.1 | N11: =N12 -> 0.10245
C12: Kết quả KPI Đơn vị | K12: 1 | L12: ='A7.9.KPI Ban HCNS Quy 2.26'!M26 -> 1.0245 | M12: =L12/K12*100% -> 1.0245 | N12: =M12*D11 -> 0.10245
B13: II | C13: MỤC TIÊU CÔNG VIỆC | D13: 0.8 | N13: =SUM(N15:N20)*D13 -> 0.824
B14: * | C14: Mục tiêu bắt buộc
B15: 1 | C15: ='A7.9.KPI Ban HCNS Quy 1.26'!C20 -> Không quá 1 lần/ người/ quý phàn nàn của khách hàng về thái độ tiếp xúc, chăm sóc khách hàng của Bộ phận Call Center | D15: 0.2 | E15: ='A7.9.KPI Ban HCNS Quy 2.26'!F18 -> TH ≤ KH: KPI = 100% TH > KH: KPI = 0% | G15: ='A7.9.KPI Ban HCNS Quy 2.26'!H18 -> Ban HCNS xác nhận | J15: ='A7.9.KPI Ban HCNS Quy 2.26'!I18 -> Lần | K15: ='A7.9.KPI Ban HCNS Quy 2.26'!J18 -> 1 | L15: 0 | M15: =IF(LEN(L15)=0,"",IF(L15<=K15,1,0)) -> 1 | N15: =IFERROR(M15*D15,"") -> 0.2
B16: 2 | C16: ='A7.9.KPI Ban HCNS Quy 2.26'!C21 -> Tỷ lệ phản ánh về chất lượng dịch vụ giảm 5% so với tổng phản ánh quý 2 năm trước | D16: 0.15 | E16: ='A7.9.KPI Ban HCNS Quy 2.26'!F21 -> TH ≥ 80%KH: KPI = TH/KH*100% TH < 80%KH: KPI = 0% Max KPI = 120% | G16: ='A7.9.KPI Ban HCNS Quy 2.26'!H21 -> HCNS báo cáo, các XN liên quan xác nhận | J16: ='A7.9.KPI Ban HCNS Quy 2.26'!I21 -> % | K16: ='A7.9.KPI Ban HCNS Quy 2.26'!J21 -> 0.05 | L16: ='A7.9.KPI Ban HCNS Quy 2.26'!K21 -> 0.37 | M16: =IF(LEN(L16)=0,"",IF(L16<K16*80%,0,MIN(120%,L16/K16*100%))) -> 1.2 | N16: =IFERROR(M16*D16,"") -> 0.18
B17: * | C17: Mục tiêu đăng ký thêm
B18: 1 | C18: Không có trường hợp chậm trễ trong việc tiếp nhận và chuyển tiếp thông tin khiếu nại | D18: 0.25 | E18: TH = 0, KPI = 100% TH ≥ 1, KPI = 0% | G18: Ban HCNS | J18: Lần | K18: 0 | L18: 0 | M18: =IF(LEN(L18)=0,"",IF(L18=K18,1,0)) -> 1 | N18: =IFERROR(M18*D18,"") -> 0.25
B19: 2 | C19: Không có trường hợp KH phàn nàn vì cuộc gọi nhỡ do yếu tố chủ quan | D19: 0.2 | E19: TH = 0, KPI = 100% TH ≥ 1, KPI = 0% | G19: Ban HCNS | J19: Lần | K19: 0 | L19: 0 | M19: =IF(LEN(L19)=0,"",IF(L19=K19,1,0)) -> 1 | N19: =IFERROR(M19*D19,"") -> 0.2
